restaurant,tag,url
커피랑도서관 반포점,스터디카페,"https://map.naver.com/v5/search/%EC%84%9C%EC%B4%88%EA%B5%AC%20%EC%9D%8C%EC%8B%9D%EC%A0%90/place/1037795379?c=14123779.1166335,4509519.7853615,11,0,0,0,dh&placePath=%3Fentry%253Dbmp%2526n_ad_group_type%253D10%2526n_query%253D%25EC%2584%259C%25EC%25B4%2588%25EA%25B5%25AC%25EC%259D%258C%25EC%258B%259D%25EC%25A0%2590"
오도로키,"우동,소바","https://map.naver.com/v5/search/%EC%84%9C%EC%B4%88%EA%B5%AC%20%EC%9D%8C%EC%8B%9D%EC%A0%90/place/1236496890?c=14123779.1166335,4509519.7853615,11,0,0,0,dh&placePath=%3Fentry%253Dbmp%2526n_ad_group_type%253D10%2526n_query%253D%25EC%2584%259C%25EC%25B4%2588%25EA%25B5%25AC%25EC%259D%258C%25EC%258B%259D%25EC%25A0%2590"
텍사스데브라질 센트럴시티점,"스테이크,립","https://map.naver.com/v5/search/%EC%84%9C%EC%B4%88%EA%B5%AC%20%EC%9D%8C%EC%8B%9D%EC%A0%90/place/36995509?c=14123779.1166335,4509519.7853615,11,0,0,0,dh&placePath=%3Fentry%253Dbmp"
샤브리샤브샤브,샤브샤브,"https://map.naver.com/v5/search/%EC%84%9C%EC%B4%88%EA%B5%AC%20%EC%9D%8C%EC%8B%9D%EC%A0%90/place/36046241?c=14123779.1166335,4509519.7853615,11,0,0,0,dh&placePath=%3Fentry%253Dbmp"
원조부안집 양재점,돼지고기구이,"https://map.naver.com/v5/search/%EC%84%9C%EC%B4%88%EA%B5%AC%20%EC%9D%8C%EC%8B%9D%EC%A0%90/place/1485719894?c=14123779.1166335,4509519.7853615,11,0,0,0,dh&placePath=%3Fentry%253Dbmp"
우대옥,소고기구이,"https://map.naver.com/v5/search/%EC%84%9C%EC%B4%88%EA%B5%AC%20%EC%9D%8C%EC%8B%9D%EC%A0%90/place/1114403653?c=14123779.1166335,4509519.7853615,11,0,0,0,dh&placePath=%3Fentry%253Dbmp"
하이디라오 서초지점,중식당,"https://map.naver.com/v5/search/%EC%84%9C%EC%B4%88%EA%B5%AC%20%EC%9D%8C%EC%8B%9D%EC%A0%90/place/38314432?c=14123779.1166335,4509519.7853615,11,0,0,0,dh&placePath=%3Fentry%253Dbmp"
슈퍼두퍼 강남점,햄버거,"https://map.naver.com/v5/search/%EC%84%9C%EC%B4%88%EA%B5%AC%20%EC%9D%8C%EC%8B%9D%EC%A0%90/place/1284558745?c=14120794.5965575,4506056.7553465,11,0,0,0,dh&placePath=%3Fentry%253Dbmp"
바다당,생선회,"https://map.naver.com/v5/search/%EC%84%9C%EC%B4%88%EA%B5%AC%20%EC%9D%8C%EC%8B%9D%EC%A0%90/place/1494363706?c=14120794.5965575,4506056.7553465,11,0,0,0,dh&placePath=%3Fentry%253Dbmp"
설마중,"육류,고기요리","https://map.naver.com/v5/search/%EC%84%9C%EC%B4%88%EA%B5%AC%20%EC%9D%8C%EC%8B%9D%EC%A0%90/place/36122875?c=14125373.6570196,4509520.0660049,11,0,0,0,dh&placePath=%3Fentry%253Dbmp"
일점사수제돼지갈비 교대역본점,"육류,고기요리","https://map.naver.com/v5/search/%EC%84%9C%EC%B4%88%EA%B5%AC%20%EC%9D%8C%EC%8B%9D%EC%A0%90/place/1092254070?c=14125373.6570196,4509520.0660049,11,0,0,0,dh&placePath=%3Fentry%253Dbmp"
차알 파미에스테이션점,중식당,"https://map.naver.com/v5/search/%EC%84%9C%EC%B4%88%EA%B5%AC%20%EC%9D%8C%EC%8B%9D%EC%A0%90/place/1433741819?c=14125373.6570196,4509520.0660049,11,0,0,0,dh&placePath=%3Fentry%253Dbmp"
원당감자탕 사당점,감자탕,"https://map.naver.com/v5/search/%EC%84%9C%EC%B4%88%EA%B5%AC%20%EC%9D%8C%EC%8B%9D%EC%A0%90/place/18745644?c=14124124.7525204,4507818.5791375,11,0,0,0,dh&placePath=%3Fentry%253Dbmp"
정통 한성 양갈비 양꼬치,양꼬치,"https://map.naver.com/v5/search/%EC%84%9C%EC%B4%88%EA%B5%AC%20%EC%9D%8C%EC%8B%9D%EC%A0%90/place/35657854?c=14124124.7525204,4507818.5791375,11,0,0,0,dh&placePath=%3Fentry%253Dbmp"
더 리버사이드 호텔 뷔페 더가든키친,뷔페,"https://map.naver.com/v5/search/%EC%84%9C%EC%B4%88%EA%B5%AC%20%EC%9D%8C%EC%8B%9D%EC%A0%90/place/18282060?c=14120793.4165709,4505965.0437402,11,0,0,0,dh&placePath=%3Fentry%253Dbmp"
봉산옥 서초동본점,한식,"https://map.naver.com/v5/search/%EC%84%9C%EC%B4%88%EA%B5%AC%20%EC%9D%8C%EC%8B%9D%EC%A0%90/place/11851001?c=14120793.4165709,4505965.0437402,11,0,0,0,dh&placePath=%3Fentry%253Dbmp"
딘타이펑 강남점,중식당,"https://map.naver.com/v5/search/%EC%84%9C%EC%B4%88%EA%B5%AC%20%EC%9D%8C%EC%8B%9D%EC%A0%90/place/11845459?c=14120793.4165709,4505965.0437402,11,0,0,0,dh&placePath=%3Fentry%253Dbmp"
우나유,일식당,"https://map.naver.com/v5/search/%EC%84%9C%EC%B4%88%EA%B5%AC%20%EC%9D%8C%EC%8B%9D%EC%A0%90/place/1822843979?c=14124037.8899218,4506693.7930102,11,0,0,0,dh&placePath=%3Fentry%253Dbmp"
백년옥,두부요리,"https://map.naver.com/v5/search/%EC%84%9C%EC%B4%88%EA%B5%AC%20%EC%9D%8C%EC%8B%9D%EC%A0%90/place/11678686?c=14124037.8899218,4506693.7930102,11,0,0,0,dh&placePath=%3Fentry%253Dbmp"
호호식당 파미에스테이션,일식당,"https://map.naver.com/v5/search/%EC%84%9C%EC%B4%88%EA%B5%AC%20%EC%9D%8C%EC%8B%9D%EC%A0%90/place/1306929366?c=14124037.8899218,4506693.7930102,11,0,0,0,dh&placePath=%3Fentry%253Dbmp"
미니말레 커피뢰스터 양재본점,"카페,디저트","https://map.naver.com/v5/search/%EC%84%9C%EC%B4%88%EA%B5%AC%20%EC%9D%8C%EC%8B%9D%EC%A0%90/place/732040126?c=14125626.2075484,4507267.6257815,11,0,0,0,dh&placePath=%3Fentry%253Dbmp"
플랫나인,바(BAR),"https://map.naver.com/v5/search/%EC%84%9C%EC%B4%88%EA%B5%AC%20%EC%9D%8C%EC%8B%9D%EC%A0%90/place/1793702349?c=14125626.2075484,4507267.6257815,11,0,0,0,dh&placePath=%3Fentry%253Dbmp"
스마일포차,한식,"https://map.naver.com/v5/search/%EC%84%9C%EC%B4%88%EA%B5%AC%20%EC%9D%8C%EC%8B%9D%EC%A0%90/place/11559426?c=14123245.8851406,4509514.0742704,11,0,0,0,dh&placePath=%3Fentry%253Dbmp%2526n_ad_group_type%253D10%2526n_query%253D%25EC%2584%259C%25EC%25B4%2588%25EA%25B5%25AC%25EC%259D%258C%25EC%258B%259D%25EC%25A0%2590"
바다수퍼해물천하조개구이 강남역점,조개요리,"https://map.naver.com/v5/search/%EC%84%9C%EC%B4%88%EA%B5%AC%20%EC%9D%8C%EC%8B%9D%EC%A0%90/place/1485945337?c=14123245.8851406,4509514.0742704,11,0,0,0,dh&placePath=%3Fentry%253Dbmp%2526n_ad_group_type%253D10%2526n_query%253D%25EC%2584%259C%25EC%25B4%2588%25EA%25B5%25AC%25EC%259D%258C%25EC%258B%259D%25EC%25A0%2590"
공리 중국집,중식당,"https://map.naver.com/v5/search/%EC%84%9C%EC%B4%88%EA%B5%AC%20%EC%9D%8C%EC%8B%9D%EC%A0%90/place/1565225460?c=14123245.8851406,4509514.0742704,11,0,0,0,dh&placePath=%3Fentry%253Dbmp"
영동설렁탕,"곰탕,설렁탕","https://map.naver.com/v5/search/%EC%84%9C%EC%B4%88%EA%B5%AC%20%EC%9D%8C%EC%8B%9D%EC%A0%90/place/11678754?c=14123245.8851406,4509514.0742704,11,0,0,0,dh&placePath=%3Fentry%253Dbmp"
낙원타코 강남역점,"멕시코,남미음식","https://map.naver.com/v5/search/%EC%84%9C%EC%B4%88%EA%B5%AC%20%EC%9D%8C%EC%8B%9D%EC%A0%90/place/1094851432?c=14123245.8851406,4509514.0742704,11,0,0,0,dh&placePath=%3Fentry%253Dbmp"
오우아,"카페,디저트","https://map.naver.com/v5/search/%EC%84%9C%EC%B4%88%EA%B5%AC%20%EC%9D%8C%EC%8B%9D%EC%A0%90/place/1856863622?c=14123245.8851406,4509514.0742704,11,0,0,0,dh&placePath=%3Fentry%253Dbmp"
딤딤섬 센트럴시티점,중식당,"https://map.naver.com/v5/search/%EC%84%9C%EC%B4%88%EA%B5%AC%20%EC%9D%8C%EC%8B%9D%EC%A0%90/place/1280841149?c=14123245.8851406,4509514.0742704,11,0,0,0,dh&placePath=%3Fentry%253Dbmp"
노티드 강남 카카오,카페,"https://map.naver.com/v5/search/%EC%84%9C%EC%B4%88%EA%B5%AC%20%EC%9D%8C%EC%8B%9D%EC%A0%90/place/1490841787?c=14120744.3914672,4506147.8365108,11,0,0,0,dh&placePath=%3Fentry%253Dbmp"
고에몬 강남점,"스파게티,파스타전문","https://map.naver.com/v5/search/%EC%84%9C%EC%B4%88%EA%B5%AC%20%EC%9D%8C%EC%8B%9D%EC%A0%90/place/31413936?c=14120744.3914672,4506147.8365108,11,0,0,0,dh&placePath=%3Fentry%253Dbmp"
서관면옥 교대본점,냉면,"https://map.naver.com/v5/search/%EC%84%9C%EC%B4%88%EA%B5%AC%20%EC%9D%8C%EC%8B%9D%EC%A0%90/place/1438690191?c=14120744.3914672,4506147.8365108,11,0,0,0,dh&placePath=%3Fentry%253Dbmp"
남부,"육류,고기요리","https://map.naver.com/v5/search/%EC%84%9C%EC%B4%88%EA%B5%AC%20%EC%9D%8C%EC%8B%9D%EC%A0%90/place/1979024190?c=14120744.3914672,4506147.8365108,11,0,0,0,dh&placePath=%3Fentry%253Dbmp"
미나미,일식당,"https://map.naver.com/v5/search/%EC%84%9C%EC%B4%88%EA%B5%AC%20%EC%9D%8C%EC%8B%9D%EC%A0%90/place/37891352?c=14120744.3914672,4506147.8365108,11,0,0,0,dh&placePath=%3Fentry%253Dbmp"
밴건디 스테이크하우스,"스테이크,립","https://map.naver.com/v5/search/%EC%84%9C%EC%B4%88%EA%B5%AC%20%EC%9D%8C%EC%8B%9D%EC%A0%90/place/1600016778?c=14120744.3914672,4506147.8365108,11,0,0,0,dh&placePath=%3Fentry%253Dbmp"
스마일맥주 강남역점,"맥주,호프","https://map.naver.com/v5/search/%EC%84%9C%EC%B4%88%EA%B5%AC%20%EC%9D%8C%EC%8B%9D%EC%A0%90/place/1911536432?c=14120744.3914672,4506147.8365108,11,0,0,0,dh&placePath=%3Fentry%253Dbmp"
디오디아2.0,뷔페,"https://map.naver.com/v5/search/%EC%84%9C%EC%B4%88%EA%B5%AC%20%EC%9D%8C%EC%8B%9D%EC%A0%90/place/12950069?c=14120744.3914672,4506147.8365108,11,0,0,0,dh&placePath=%3Fentry%253Dbmp"
비스트로누,이탈리아음식,"https://map.naver.com/v5/search/%EC%84%9C%EC%B4%88%EA%B5%AC%20%EC%9D%8C%EC%8B%9D%EC%A0%90/place/36339304?c=14120744.3914672,4506147.8365108,11,0,0,0,dh&placePath=%3Fentry%253Dbmp"
베트남이랑,베트남음식,"https://map.naver.com/v5/search/%EC%84%9C%EC%B4%88%EA%B5%AC%20%EC%9D%8C%EC%8B%9D%EC%A0%90/place/1890424195?c=14120744.3914672,4506147.8365108,11,0,0,0,dh&placePath=%3Fentry%253Dbmp"
금복주류 강남역점,요리주점,"https://map.naver.com/v5/search/%EC%84%9C%EC%B4%88%EA%B5%AC%20%EC%9D%8C%EC%8B%9D%EC%A0%90/place/1233347328?c=14120744.3914672,4506147.8365108,11,0,0,0,dh&placePath=%3Fentry%253Dbmp"
부다스벨리 파미에스테이션,태국음식,"https://map.naver.com/v5/search/%EC%84%9C%EC%B4%88%EA%B5%AC%20%EC%9D%8C%EC%8B%9D%EC%A0%90/place/37797406?c=14120744.3914672,4506147.8365108,11,0,0,0,dh&placePath=%3Fentry%253Dbmp"
자매수산,생선회,"https://map.naver.com/v5/search/%EC%84%9C%EC%B4%88%EA%B5%AC%20%EC%9D%8C%EC%8B%9D%EC%A0%90/place/36310038?c=14120744.3914672,4506147.8365108,11,0,0,0,dh&placePath=%3Fentry%253Dbmp"
강남교자 본점,"칼국수,만두","https://map.naver.com/v5/search/%EC%84%9C%EC%B4%88%EA%B5%AC%20%EC%9D%8C%EC%8B%9D%EC%A0%90/place/13073102?c=14125443.3318889,4509074.2594418,11,0,0,0,dh&placePath=%3Fentry%253Dbmp"
Merci,독일음식,"https://map.naver.com/v5/search/%EC%84%9C%EC%B4%88%EA%B5%AC%20%EC%9D%8C%EC%8B%9D%EC%A0%90/place/1160394761?c=14125400.1065306,4509313.4303188,11,0,0,0,dh&placePath=%3Fentry%253Dbmp"
리에또,"스파게티,파스타전문","https://map.naver.com/v5/search/%EC%84%9C%EC%B4%88%EA%B5%AC%20%EC%9D%8C%EC%8B%9D%EC%A0%90/place/37221619?c=14125400.1065306,4509313.4303188,11,0,0,0,dh&placePath=%3Fentry%253Dbmp"
임병주산동칼국수,"칼국수,만두","https://map.naver.com/v5/search/%EC%84%9C%EC%B4%88%EA%B5%AC%20%EC%9D%8C%EC%8B%9D%EC%A0%90/place/1420055829?c=14125400.1065306,4509313.4303188,11,0,0,0,dh&placePath=%3Fentry%253Dbmp"
일상정원 센트럴시티점,일식당,"https://map.naver.com/v5/search/%EC%84%9C%EC%B4%88%EA%B5%AC%20%EC%9D%8C%EC%8B%9D%EC%A0%90/place/1047689987?c=14125400.1065306,4509313.4303188,11,0,0,0,dh&placePath=%3Fentry%253Dbmp"
한성양꼬치 교대2호점,양꼬치,"https://map.naver.com/v5/search/%EC%84%9C%EC%B4%88%EA%B5%AC%20%EC%9D%8C%EC%8B%9D%EC%A0%90/place/1225478882?c=14125990.9681238,4506866.7924826,11,0,0,0,dh&placePath=%3Fentry%253Dbmp"
7번방 강남역점,요리주점,"https://map.naver.com/v5/search/%EC%84%9C%EC%B4%88%EA%B5%AC%20%EC%9D%8C%EC%8B%9D%EC%A0%90/place/13015562?c=14123071.3250471,4509483.0632400,11,0,0,0,dh&placePath=%3Fentry%253Dbmp"
옛골토성 청계산점,돼지고기구이,"https://map.naver.com/v5/search/%EC%84%9C%EC%B4%88%EA%B5%AC%20%EC%9D%8C%EC%8B%9D%EC%A0%90/place/34907131?c=14123071.3250471,4509483.0632400,11,0,0,0,dh&placePath=%3Fentry%253Dbmp"
백소정 강남역신분당선점,일식당,"https://map.naver.com/v5/search/%EC%84%9C%EC%B4%88%EA%B5%AC%20%EC%9D%8C%EC%8B%9D%EC%A0%90/place/1880533718?c=14123071.3250471,4509483.0632400,11,0,0,0,dh&placePath=%3Fentry%253Dbmp"
와일드플라워,양식,"https://map.naver.com/v5/search/%EC%84%9C%EC%B4%88%EA%B5%AC%20%EC%9D%8C%EC%8B%9D%EC%A0%90/place/1679378998?c=14125419.0531080,4509224.3983395,11,0,0,0,dh&placePath=%3Fentry%253Dbmp"
로리스 더 프라임 립,"스테이크,립","https://map.naver.com/v5/search/%EC%84%9C%EC%B4%88%EA%B5%AC%20%EC%9D%8C%EC%8B%9D%EC%A0%90/place/33562781?c=14125798.1961616,4508226.1694199,11,0,0,0,dh&placePath=%3Fentry%253Dbmp"
고메램 강남점,양갈비,"https://map.naver.com/v5/search/%EC%84%9C%EC%B4%88%EA%B5%AC%20%EC%9D%8C%EC%8B%9D%EC%A0%90/place/1299706278?c=14125798.1961616,4508226.1694199,11,0,0,0,dh&placePath=%3Fentry%253Dbmp"
보글이 생태탕왕코다리 서초구청점,"해물,생선요리","https://map.naver.com/v5/search/%EC%84%9C%EC%B4%88%EA%B5%AC%20%EC%9D%8C%EC%8B%9D%EC%A0%90/place/1932467805?c=14111122.1127942,4506984.8018700,10,0,0,0,dh&placePath=%3Fentry%253Dbmp"
꿉당,"육류,고기요리","https://map.naver.com/v5/search/%EC%84%9C%EC%B4%88%EA%B5%AC%20%EC%9D%8C%EC%8B%9D%EC%A0%90/place/1082960799?c=14111122.1127942,4506984.8018700,10,0,0,0,dh&placePath=%3Fentry%253Dbmp"
조양관한정식,한정식,"https://map.naver.com/v5/search/%EC%84%9C%EC%B4%88%EA%B5%AC%20%EC%9D%8C%EC%8B%9D%EC%A0%90/place/11702941?c=14111122.1127942,4506984.8018700,10,0,0,0,dh&placePath=%3Fentry%253Dbmp"
MAILLET,"카페,디저트","https://map.naver.com/v5/search/%EC%84%9C%EC%B4%88%EA%B5%AC%20%EC%9D%8C%EC%8B%9D%EC%A0%90/place/35581494?c=14111122.1127942,4506984.8018700,10,0,0,0,dh&placePath=%3Fentry%253Dbmp"
Da Pitta,이탈리아음식,"https://map.naver.com/v5/search/%EC%84%9C%EC%B4%88%EA%B5%AC%20%EC%9D%8C%EC%8B%9D%EC%A0%90/place/31462539?c=14109847.5380205,4511365.1219632,10,0,0,0,dh&placePath=%3Fentry%253Dbmp"
도우룸,"스파게티,파스타전문","https://map.naver.com/v5/search/%EC%84%9C%EC%B4%88%EA%B5%AC%20%EC%9D%8C%EC%8B%9D%EC%A0%90/place/37351441?c=14109847.5380205,4511365.1219632,10,0,0,0,dh&placePath=%3Fentry%253Dbmp"
프릳츠 양재점,"카페,디저트","https://map.naver.com/v5/search/%EC%84%9C%EC%B4%88%EA%B5%AC%20%EC%9D%8C%EC%8B%9D%EC%A0%90/place/460950912?c=14109847.5380205,4511365.1219632,10,0,0,0,dh&placePath=%3Fentry%253Dbmp"
모던샤브하우스 센트럴시티점,샤브샤브,"https://map.naver.com/v5/search/%EC%84%9C%EC%B4%88%EA%B5%AC%20%EC%9D%8C%EC%8B%9D%EC%A0%90/place/1658822371?c=14109847.5380205,4511365.1219632,10,0,0,0,dh&placePath=%3Fentry%253Dbmp"
혜장국,한식,"https://map.naver.com/v5/search/%EC%84%9C%EC%B4%88%EA%B5%AC%20%EC%9D%8C%EC%8B%9D%EC%A0%90/place/1246108076?c=14106988.2857675,4508167.5504203,10,0,0,0,dh&placePath=%3Fentry%253Dbmp"
나에코,일식당,"https://map.naver.com/v5/search/%EC%84%9C%EC%B4%88%EA%B5%AC%20%EC%9D%8C%EC%8B%9D%EC%A0%90/place/1115767815?c=14108133.5295568,4509470.6027252,10,0,0,0,dh&placePath=%3Fentry%253Dbmp"
알아차림 서래마을,한식,"https://map.naver.com/v5/search/%EC%84%9C%EC%B4%88%EA%B5%AC%20%EC%9D%8C%EC%8B%9D%EC%A0%90/place/1296135380?c=14108133.5295568,4509470.6027252,10,0,0,0,dh&placePath=%3Fentry%253Dbmp"
JW 메리어트 호텔 서울 플레이버즈,뷔페,"https://map.naver.com/v5/search/%EC%84%9C%EC%B4%88%EA%B5%AC%20%EC%9D%8C%EC%8B%9D%EC%A0%90/place/1736859138?c=14108133.5295568,4509470.6027252,10,0,0,0,dh&placePath=%3Fentry%253Dbmp"
미니말레 커피뢰스터 교대점,"카페,디저트","https://map.naver.com/v5/search/%EC%84%9C%EC%B4%88%EA%B5%AC%20%EC%9D%8C%EC%8B%9D%EC%A0%90/place/1248761544?c=14107140.0476293,4508192.6227000,10,0,0,0,dh&placePath=%3Fentry%253Dbmp"
삼육가 사당역직영점,"육류,고기요리","https://map.naver.com/v5/search/%EC%84%9C%EC%B4%88%EA%B5%AC%20%EC%9D%8C%EC%8B%9D%EC%A0%90/place/37700608?c=14107140.0476293,4508192.6227000,10,0,0,0,dh&placePath=%3Fentry%253Dbmp"
한량 블루스,와인,"https://map.naver.com/v5/search/%EC%84%9C%EC%B4%88%EA%B5%AC%20%EC%9D%8C%EC%8B%9D%EC%A0%90/place/1778174716?c=14107140.0476293,4508192.6227000,10,0,0,0,dh&placePath=%3Fentry%253Dbmp"
황소양곱창 양재점,"곱창,막창,양","https://map.naver.com/v5/search/%EC%84%9C%EC%B4%88%EA%B5%AC%20%EC%9D%8C%EC%8B%9D%EC%A0%90/place/38257705?c=14107140.0476293,4508192.6227000,10,0,0,0,dh&placePath=%3Fentry%253Dbmp"
미국식,햄버거,"https://map.naver.com/v5/search/%EC%84%9C%EC%B4%88%EA%B5%AC%20%EC%9D%8C%EC%8B%9D%EC%A0%90/place/1015077331?c=14107140.0476293,4508192.6227000,10,0,0,0,dh&placePath=%3Fentry%253Dbmp"
더 스테이크 하우스 피어 79 로열스테이크,양식,"https://map.naver.com/v5/search/%EC%84%9C%EC%B4%88%EA%B5%AC%20%EC%9D%8C%EC%8B%9D%EC%A0%90/place/1950578247?c=14107140.0476293,4508192.6227000,10,0,0,0,dh&placePath=%3Fentry%253Dbmp"
앙띠크,"카페,디저트","https://map.naver.com/v5/search/%EC%84%9C%EC%B4%88%EA%B5%AC%20%EC%9D%8C%EC%8B%9D%EC%A0%90/place/1176849062?c=14111218.1258550,4507098.3373576,10,0,0,0,dh&placePath=%3Fentry%253Dbmp"
태양커피,카페,"https://map.naver.com/v5/search/%EC%84%9C%EC%B4%88%EA%B5%AC%20%EC%9D%8C%EC%8B%9D%EC%A0%90/place/1056301787?c=14111218.1258550,4507098.3373576,10,0,0,0,dh&placePath=%3Fentry%253Dbmp"
쓰리버즈 센트럴시티점,브런치,"https://map.naver.com/v5/search/%EC%84%9C%EC%B4%88%EA%B5%AC%20%EC%9D%8C%EC%8B%9D%EC%A0%90/place/1915466381?c=14108598.8784242,4511731.8254853,10,0,0,0,dh&placePath=%3Fentry%253Dbmp"
빌라 드 스파이시 파미에스테이션점,떡볶이,"https://map.naver.com/v5/search/%EC%84%9C%EC%B4%88%EA%B5%AC%20%EC%9D%8C%EC%8B%9D%EC%A0%90/place/36311150?c=14108598.8784242,4511731.8254853,10,0,0,0,dh&placePath=%3Fentry%253Dbmp"
라그릴리아 양재점,이탈리아음식,"https://map.naver.com/v5/search/%EC%84%9C%EC%B4%88%EA%B5%AC%20%EC%9D%8C%EC%8B%9D%EC%A0%90/place/12962167?c=14108598.8784242,4511731.8254853,10,0,0,0,dh&placePath=%3Fentry%253Dbmp"
챱챱케이크,"카페,디저트","https://map.naver.com/v5/search/%EC%84%9C%EC%B4%88%EA%B5%AC%20%EC%9D%8C%EC%8B%9D%EC%A0%90/place/1322840270?c=14108598.8784242,4511731.8254853,10,0,0,0,dh&placePath=%3Fentry%253Dbmp"
마루심,"장어,먹장어요리","https://map.naver.com/v5/search/%EC%84%9C%EC%B4%88%EA%B5%AC%20%EC%9D%8C%EC%8B%9D%EC%A0%90/place/20206990?c=14108598.8784242,4511731.8254853,10,0,0,0,dh&placePath=%3Fentry%253Dbmp"
은행골 강남역점,"초밥,롤","https://map.naver.com/v5/search/%EC%84%9C%EC%B4%88%EA%B5%AC%20%EC%9D%8C%EC%8B%9D%EC%A0%90/place/1880609487?c=14108598.8784242,4511731.8254853,10,0,0,0,dh&placePath=%3Fentry%253Dbmp"
메종엠오,베이커리,"https://map.naver.com/v5/search/%EC%84%9C%EC%B4%88%EA%B5%AC%20%EC%9D%8C%EC%8B%9D%EC%A0%90/place/1152554768?c=14108598.8784242,4511731.8254853,10,0,0,0,dh&placePath=%3Fentry%253Dbmp"
스타벅스 서울웨이브아트센터점,카페,"https://map.naver.com/v5/search/%EC%84%9C%EC%B4%88%EA%B5%AC%20%EC%9D%8C%EC%8B%9D%EC%A0%90/place/1264577661?c=14108904.2723152,4509301.8961095,10,0,0,0,dh&placePath=%3Fentry%253Dbmp"
멘야하나비 신사점,일본식라면,"https://map.naver.com/v5/search/%EC%84%9C%EC%B4%88%EA%B5%AC%20%EC%9D%8C%EC%8B%9D%EC%A0%90/place/1977829878?c=14107071.8087814,4507534.4215831,10,0,0,0,dh&placePath=%3Fentry%253Dbmp"
라멘모토,일본식라면,"https://map.naver.com/v5/search/%EC%84%9C%EC%B4%88%EA%B5%AC%20%EC%9D%8C%EC%8B%9D%EC%A0%90/place/20550982?c=14108510.3571651,4511670.6324863,10,0,0,0,dh&placePath=%3Fentry%253Dbmp"
모던눌랑 센트럴시티점,중식당,"https://map.naver.com/v5/search/%EC%84%9C%EC%B4%88%EA%B5%AC%20%EC%9D%8C%EC%8B%9D%EC%A0%90/place/37086581?c=14108510.3571651,4511670.6324863,10,0,0,0,dh&placePath=%3Fentry%253Dbmp"
데블스도어 센트럴시티점,"맥주,호프","https://map.naver.com/v5/search/%EC%84%9C%EC%B4%88%EA%B5%AC%20%EC%9D%8C%EC%8B%9D%EC%A0%90/place/36022164?c=14109684.3770428,4511313.3904039,10,0,0,0,dh&placePath=%3Fentry%253Dbmp"
오쎄,"카페,디저트","https://map.naver.com/v5/search/%EC%84%9C%EC%B4%88%EA%B5%AC%20%EC%9D%8C%EC%8B%9D%EC%A0%90/place/1062655294?c=14109684.3770428,4511313.3904039,10,0,0,0,dh&placePath=%3Fentry%253Dbmp"
심온,"카페,디저트","https://map.naver.com/v5/search/%EC%84%9C%EC%B4%88%EA%B5%AC%20%EC%9D%8C%EC%8B%9D%EC%A0%90/place/1607654915?c=14109684.3770428,4511313.3904039,10,0,0,0,dh&placePath=%3Fentry%253Dbmp"
미소의집,떡볶이,"https://map.naver.com/v5/search/%EC%84%9C%EC%B4%88%EA%B5%AC%20%EC%9D%8C%EC%8B%9D%EC%A0%90/place/19877730?c=14109684.3770428,4511313.3904039,10,0,0,0,dh&placePath=%3Fentry%253Dbmp"
스모크벙커,"스테이크,립","https://map.naver.com/v5/search/%EC%84%9C%EC%B4%88%EA%B5%AC%20%EC%9D%8C%EC%8B%9D%EC%A0%90/place/1104541194?c=14112178.0783519,4505749.3605064,10,0,0,0,dh&placePath=%3Fentry%253Dbmp"
삼산회관 교대점,"육류,고기요리","https://map.naver.com/v5/search/%EC%84%9C%EC%B4%88%EA%B5%AC%20%EC%9D%8C%EC%8B%9D%EC%A0%90/place/1456587379?c=14112178.0783519,4505749.3605064,10,0,0,0,dh&placePath=%3Fentry%253Dbmp"
신미경정통춘천닭갈비,닭갈비,"https://map.naver.com/v5/search/%EC%84%9C%EC%B4%88%EA%B5%AC%20%EC%9D%8C%EC%8B%9D%EC%A0%90/place/20770023?c=14112178.0783519,4505749.3605064,10,0,0,0,dh&placePath=%3Fentry%253Dbmp"
베이크샵 피봇,"카페,디저트","https://map.naver.com/v5/search/%EC%84%9C%EC%B4%88%EA%B5%AC%20%EC%9D%8C%EC%8B%9D%EC%A0%90/place/1422457758?c=14112178.0783519,4505749.3605064,10,0,0,0,dh&placePath=%3Fentry%253Dbmp"
육품,돼지고기구이,"https://map.naver.com/v5/search/%EC%84%9C%EC%B4%88%EA%B5%AC%20%EC%9D%8C%EC%8B%9D%EC%A0%90/place/1445634411?c=14112178.0783519,4505749.3605064,10,0,0,0,dh&placePath=%3Fentry%253Dbmp"
노랑저고리,한정식,"https://map.naver.com/v5/search/%EC%84%9C%EC%B4%88%EA%B5%AC%20%EC%9D%8C%EC%8B%9D%EC%A0%90/place/11856990?c=14107048.3203689,4507124.8801203,10,0,0,0,dh&placePath=%3Fentry%253Dbmp"
아웃백스테이크하우스 센트럴시티점,패밀리레스토랑,"https://map.naver.com/v5/search/%EC%84%9C%EC%B4%88%EA%B5%AC%20%EC%9D%8C%EC%8B%9D%EC%A0%90/place/1246036062?c=14107048.3203689,4507124.8801203,10,0,0,0,dh&placePath=%3Fentry%253Dbmp"
놀부주방 반포점,한식,"https://map.naver.com/v5/search/%EC%84%9C%EC%B4%88%EA%B5%AC%20%EC%9D%8C%EC%8B%9D%EC%A0%90/place/1686537141?c=14107048.3203689,4507124.8801203,10,0,0,0,dh&placePath=%3Fentry%253Dbmp"
루엘드파리,베이커리,"https://map.naver.com/v5/search/%EC%84%9C%EC%B4%88%EA%B5%AC%20%EC%9D%8C%EC%8B%9D%EC%A0%90/place/36266637?c=14107048.3203689,4507124.8801203,10,0,0,0,dh&placePath=%3Fentry%253Dbmp"
강남명전,"전,빈대떡","https://map.naver.com/v5/search/%EC%84%9C%EC%B4%88%EA%B5%AC%20%EC%9D%8C%EC%8B%9D%EC%A0%90/place/1754912649?c=14107048.3203689,4507124.8801203,10,0,0,0,dh&placePath=%3Fentry%253Dbmp"
이춘복참치&스시 강남점,생선회,"https://map.naver.com/v5/search/%EC%84%9C%EC%B4%88%EA%B5%AC%20%EC%9D%8C%EC%8B%9D%EC%A0%90/place/37927728?c=14107048.3203689,4507124.8801203,10,0,0,0,dh&placePath=%3Fentry%253Dbmp"
에토레,이탈리아음식,"https://map.naver.com/v5/search/%EC%84%9C%EC%B4%88%EA%B5%AC%20%EC%9D%8C%EC%8B%9D%EC%A0%90/place/1931490578?c=14110476.4040878,4509094.4508936,10,0,0,0,dh&placePath=%3Fentry%253Dbmp"
군밤과군고구마.붕어빵.계란빵,종합분식,"https://map.naver.com/v5/search/%EC%84%9C%EC%B4%88%EA%B5%AC%20%EC%9D%8C%EC%8B%9D%EC%A0%90/place/1477987893?c=14110476.4040878,4509094.4508936,10,0,0,0,dh&placePath=%3Fentry%253Dbmp"
남미플랜트랩,퓨전음식,"https://map.naver.com/v5/search/%EC%84%9C%EC%B4%88%EA%B5%AC%20%EC%9D%8C%EC%8B%9D%EC%A0%90/place/1238763388?c=14108170.1648012,4509460.4855838,10,0,0,0,dh&placePath=%3Fentry%253Dbmp"
레몬그라스 타이,태국음식,"https://map.naver.com/v5/search/%EC%84%9C%EC%B4%88%EA%B5%AC%20%EC%9D%8C%EC%8B%9D%EC%A0%90/place/1064257414?c=14108170.1648012,4509460.4855838,10,0,0,0,dh&placePath=%3Fentry%253Dbmp"
호시라멘,일본식라면,"https://map.naver.com/v5/search/%EC%84%9C%EC%B4%88%EA%B5%AC%20%EC%9D%8C%EC%8B%9D%EC%A0%90/place/880703747?c=14110101.1460844,4506978.9518726,10,0,0,0,dh&placePath=%3Fentry%253Dbmp"
바른식시골보쌈&감자옹심이 시골보쌈&감자옹심이 사당별관,"족발,보쌈","https://map.naver.com/v5/search/%EC%84%9C%EC%B4%88%EA%B5%AC%20%EC%9D%8C%EC%8B%9D%EC%A0%90/place/35507549?c=14110101.1460844,4506978.9518726,10,0,0,0,dh&placePath=%3Fentry%253Dbmp"
분코 사당점,이자카야,"https://map.naver.com/v5/search/%EC%84%9C%EC%B4%88%EA%B5%AC%20%EC%9D%8C%EC%8B%9D%EC%A0%90/place/1615187452?c=14110101.1460844,4506978.9518726,10,0,0,0,dh&placePath=%3Fentry%253Dbmp"
공미학,"카페,디저트","https://map.naver.com/v5/search/%EC%84%9C%EC%B4%88%EA%B5%AC%20%EC%9D%8C%EC%8B%9D%EC%A0%90/place/1966463697?c=14110101.1460844,4506978.9518726,10,0,0,0,dh&placePath=%3Fentry%253Dbmp"
시그니처랩 반포점,브런치,"https://map.naver.com/v5/search/%EC%84%9C%EC%B4%88%EA%B5%AC%20%EC%9D%8C%EC%8B%9D%EC%A0%90/place/1422592463?c=14110101.1460844,4506978.9518726,10,0,0,0,dh&placePath=%3Fentry%253Dbmp"
파스타 트리오,양식,"https://map.naver.com/v5/search/%EC%84%9C%EC%B4%88%EA%B5%AC%20%EC%9D%8C%EC%8B%9D%EC%A0%90/place/1855974959?c=14110101.1460844,4506978.9518726,10,0,0,0,dh&placePath=%3Fentry%253Dbmp"
리밍,중식당,"https://map.naver.com/v5/search/%EC%84%9C%EC%B4%88%EA%B5%AC%20%EC%9D%8C%EC%8B%9D%EC%A0%90/place/36778150?c=14110101.1460844,4506978.9518726,10,0,0,0,dh&placePath=%3Fentry%253Dbmp"
한우다이닝 울릉,소고기구이,"https://map.naver.com/v5/search/%EC%84%9C%EC%B4%88%EA%B5%AC%20%EC%9D%8C%EC%8B%9D%EC%A0%90/place/1745222116?c=14110101.1460844,4506978.9518726,10,0,0,0,dh&placePath=%3Fentry%253Dbmp"
아이케이부오노,이탈리아음식,"https://map.naver.com/v5/search/%EC%84%9C%EC%B4%88%EA%B5%AC%20%EC%9D%8C%EC%8B%9D%EC%A0%90/place/1262939269?c=14110101.1460844,4506978.9518726,10,0,0,0,dh&placePath=%3Fentry%253Dbmp"
수타우동 겐 서초점,"우동,소바","https://map.naver.com/v5/search/%EC%84%9C%EC%B4%88%EA%B5%AC%20%EC%9D%8C%EC%8B%9D%EC%A0%90/place/37797212?c=14110101.1460844,4506978.9518726,10,0,0,0,dh&placePath=%3Fentry%253Dbmp"
쿤쏨차이,태국음식,"https://map.naver.com/v5/search/%EC%84%9C%EC%B4%88%EA%B5%AC%20%EC%9D%8C%EC%8B%9D%EC%A0%90/place/368880338?c=14110101.1460844,4506978.9518726,10,0,0,0,dh&placePath=%3Fentry%253Dbmp"
도셰프,이탈리아음식,"https://map.naver.com/v5/search/%EC%84%9C%EC%B4%88%EA%B5%AC%20%EC%9D%8C%EC%8B%9D%EC%A0%90/place/19594193?c=14110101.1460844,4506978.9518726,10,0,0,0,dh&placePath=%3Fentry%253Dbmp"
라비드쿤,프랑스음식,"https://map.naver.com/v5/search/%EC%84%9C%EC%B4%88%EA%B5%AC%20%EC%9D%8C%EC%8B%9D%EC%A0%90/place/1978721092?c=14110101.1460844,4506978.9518726,10,0,0,0,dh&placePath=%3Fentry%253Dbmp"
장원김밥 서초점,김밥,"https://map.naver.com/v5/search/%EC%84%9C%EC%B4%88%EA%B5%AC%20%EC%9D%8C%EC%8B%9D%EC%A0%90/place/18366144?c=14110101.1460844,4506978.9518726,10,0,0,0,dh&placePath=%3Fentry%253Dbmp"
갈릭앤페퍼,이탈리아음식,"https://map.naver.com/v5/search/%EC%84%9C%EC%B4%88%EA%B5%AC%20%EC%9D%8C%EC%8B%9D%EC%A0%90/place/13282231?c=14110075.6316571,4510355.2238452,10,0,0,0,dh&placePath=%3Fentry%253Dbmp"
채빛퀴진,뷔페,"https://map.naver.com/v5/search/%EC%84%9C%EC%B4%88%EA%B5%AC%20%EC%9D%8C%EC%8B%9D%EC%A0%90/place/35346343?c=14110558.1682538,4509122.4299397,10,0,0,0,dh&placePath=%3Fentry%253Dbmp"
타르타르 강남역점,카페,"https://map.naver.com/v5/search/%EC%84%9C%EC%B4%88%EA%B5%AC%20%EC%9D%8C%EC%8B%9D%EC%A0%90/place/1754767885?c=14110558.1682538,4509122.4299397,10,0,0,0,dh&placePath=%3Fentry%253Dbmp"
차이들 논현점,중식당,"https://map.naver.com/v5/search/%EC%84%9C%EC%B4%88%EA%B5%AC%20%EC%9D%8C%EC%8B%9D%EC%A0%90/place/1174228908?c=14110558.1682538,4509122.4299397,10,0,0,0,dh&placePath=%3Fentry%253Dbmp"
느린마을양조장 강남점,요리주점,"https://map.naver.com/v5/search/%EC%84%9C%EC%B4%88%EA%B5%AC%20%EC%9D%8C%EC%8B%9D%EC%A0%90/place/32838644?c=14110558.1682538,4509122.4299397,10,0,0,0,dh&placePath=%3Fentry%253Dbmp"
교대이층집 교대본점,"육류,고기요리","https://map.naver.com/v5/search/%EC%84%9C%EC%B4%88%EA%B5%AC%20%EC%9D%8C%EC%8B%9D%EC%A0%90/place/35624097?c=14109785.9338142,4510569.4582099,10,0,0,0,dh&placePath=%3Fentry%253Dbmp"
스시소라 서초점,일식당,"https://map.naver.com/v5/search/%EC%84%9C%EC%B4%88%EA%B5%AC%20%EC%9D%8C%EC%8B%9D%EC%A0%90/place/1350801663?c=14109785.9338142,4510569.4582099,10,0,0,0,dh&placePath=%3Fentry%253Dbmp"
무드서울,와인,"https://map.naver.com/v5/search/%EC%84%9C%EC%B4%88%EA%B5%AC%20%EC%9D%8C%EC%8B%9D%EC%A0%90/place/1066736419?c=14109785.9338142,4510569.4582099,10,0,0,0,dh&placePath=%3Fentry%253Dbmp"
온센 강남점,일식당,"https://map.naver.com/v5/search/%EC%84%9C%EC%B4%88%EA%B5%AC%20%EC%9D%8C%EC%8B%9D%EC%A0%90/place/1250740851?c=14109169.1013838,4507924.5614680,10,0,0,0,dh&placePath=%3Fentry%253Dbmp"
고메정식당 교대본점,"육류,고기요리","https://map.naver.com/v5/search/%EC%84%9C%EC%B4%88%EA%B5%AC%20%EC%9D%8C%EC%8B%9D%EC%A0%90/place/1593583520?c=14109169.1013838,4507924.5614680,10,0,0,0,dh&placePath=%3Fentry%253Dbmp"
로꼬로꼬조개찜신사본점,조개요리,"https://map.naver.com/v5/search/%EC%84%9C%EC%B4%88%EA%B5%AC%20%EC%9D%8C%EC%8B%9D%EC%A0%90/place/20973098?c=14109169.1013838,4507924.5614680,10,0,0,0,dh&placePath=%3Fentry%253Dbmp"
송계옥 교대점,닭요리,"https://map.naver.com/v5/search/%EC%84%9C%EC%B4%88%EA%B5%AC%20%EC%9D%8C%EC%8B%9D%EC%A0%90/place/1254742263?c=14109169.1013838,4507924.5614680,10,0,0,0,dh&placePath=%3Fentry%253Dbmp"
황재벌,주꾸미요리,"https://map.naver.com/v5/search/%EC%84%9C%EC%B4%88%EA%B5%AC%20%EC%9D%8C%EC%8B%9D%EC%A0%90/place/20874669?c=14109169.1013838,4507924.5614680,10,0,0,0,dh&placePath=%3Fentry%253Dbmp"
강남역파스타,"스파게티,파스타전문","https://map.naver.com/v5/search/%EC%84%9C%EC%B4%88%EA%B5%AC%20%EC%9D%8C%EC%8B%9D%EC%A0%90/place/1286639031?c=14109169.1013838,4507924.5614680,10,0,0,0,dh&placePath=%3Fentry%253Dbmp"
영동족발 본점,"족발,보쌈","https://map.naver.com/v5/search/%EC%84%9C%EC%B4%88%EA%B5%AC%20%EC%9D%8C%EC%8B%9D%EC%A0%90/place/12917286?c=14109169.1013838,4507924.5614680,10,0,0,0,dh&placePath=%3Fentry%253Dbmp"
신사고집,돼지고기구이,"https://map.naver.com/v5/search/%EC%84%9C%EC%B4%88%EA%B5%AC%20%EC%9D%8C%EC%8B%9D%EC%A0%90/place/935177677?c=14111227.5546159,4507088.9099232,10,0,0,0,dh&placePath=%3Fentry%253Dbmp"
태양커피,테이크아웃커피,"https://map.naver.com/v5/search/%EC%84%9C%EC%B4%88%EA%B5%AC%20%EC%9D%8C%EC%8B%9D%EC%A0%90/place/38310354?c=14111227.5546159,4507088.9099232,10,0,0,0,dh&placePath=%3Fentry%253Dbmp"
소울재패니즈다이닝,이자카야,"https://map.naver.com/v5/search/%EC%84%9C%EC%B4%88%EA%B5%AC%20%EC%9D%8C%EC%8B%9D%EC%A0%90/place/1576720119?c=14111962.4970260,4506867.4097418,10,0,0,0,dh&placePath=%3Fentry%253Dbmp"
토비커피,"카페,디저트","https://map.naver.com/v5/search/%EC%84%9C%EC%B4%88%EA%B5%AC%20%EC%9D%8C%EC%8B%9D%EC%A0%90/place/1181075299?c=14111962.4970260,4506867.4097418,10,0,0,0,dh&placePath=%3Fentry%253Dbmp"
우작설렁탕,"곰탕,설렁탕","https://map.naver.com/v5/search/%EC%84%9C%EC%B4%88%EA%B5%AC%20%EC%9D%8C%EC%8B%9D%EC%A0%90/place/19867568?c=14111962.4970260,4506867.4097418,10,0,0,0,dh&placePath=%3Fentry%253Dbmp"
소이연남 파미에스테이션점,태국음식,"https://map.naver.com/v5/search/%EC%84%9C%EC%B4%88%EA%B5%AC%20%EC%9D%8C%EC%8B%9D%EC%A0%90/place/1326338352?c=14111962.4970260,4506867.4097418,10,0,0,0,dh&placePath=%3Fentry%253Dbmp"
카페슬로우,바(BAR),"https://map.naver.com/v5/search/%EC%84%9C%EC%B4%88%EA%B5%AC%20%EC%9D%8C%EC%8B%9D%EC%A0%90/place/1463352248?c=14111962.4970260,4506867.4097418,10,0,0,0,dh&placePath=%3Fentry%253Dbmp"
달가마,한식,"https://map.naver.com/v5/search/%EC%84%9C%EC%B4%88%EA%B5%AC%20%EC%9D%8C%EC%8B%9D%EC%A0%90/place/1104385124?c=14111962.4970260,4506867.4097418,10,0,0,0,dh&placePath=%3Fentry%253Dbmp"
진여사댁,요리주점,"https://map.naver.com/v5/search/%EC%84%9C%EC%B4%88%EA%B5%AC%20%EC%9D%8C%EC%8B%9D%EC%A0%90/place/1660867179?c=14108321.2030863,4509513.8076593,10,0,0,0,dh&placePath=%3Fentry%253Dbmp"
수향가 사당직영점,"족발,보쌈","https://map.naver.com/v5/search/%EC%84%9C%EC%B4%88%EA%B5%AC%20%EC%9D%8C%EC%8B%9D%EC%A0%90/place/1279662194?c=14108321.2030863,4509513.8076593,10,0,0,0,dh&placePath=%3Fentry%253Dbmp"
칭진,중식당,"https://map.naver.com/v5/search/%EC%84%9C%EC%B4%88%EA%B5%AC%20%EC%9D%8C%EC%8B%9D%EC%A0%90/place/18363960?c=14108321.2030863,4509513.8076593,10,0,0,0,dh&placePath=%3Fentry%253Dbmp"
세광양대창 교대본점,"곱창,막창,양","https://map.naver.com/v5/search/%EC%84%9C%EC%B4%88%EA%B5%AC%20%EC%9D%8C%EC%8B%9D%EC%A0%90/place/1010064415?c=14108321.2030863,4509513.8076593,10,0,0,0,dh&placePath=%3Fentry%253Dbmp"
올리브에비뉴,이탈리아음식,"https://map.naver.com/v5/search/%EC%84%9C%EC%B4%88%EA%B5%AC%20%EC%9D%8C%EC%8B%9D%EC%A0%90/place/21215128?c=14108321.2030863,4509513.8076593,10,0,0,0,dh&placePath=%3Fentry%253Dbmp"
조개창고 방배점,조개요리,"https://map.naver.com/v5/search/%EC%84%9C%EC%B4%88%EA%B5%AC%20%EC%9D%8C%EC%8B%9D%EC%A0%90/place/37812102?c=14108321.2030863,4509513.8076593,10,0,0,0,dh&placePath=%3Fentry%253Dbmp"
미슌,중식당,"https://map.naver.com/v5/search/%EC%84%9C%EC%B4%88%EA%B5%AC%20%EC%9D%8C%EC%8B%9D%EC%A0%90/place/1807980245?c=14108321.2030863,4509513.8076593,10,0,0,0,dh&placePath=%3Fentry%253Dbmp"
초동집 본점,소고기구이,"https://map.naver.com/v5/search/%EC%84%9C%EC%B4%88%EA%B5%AC%20%EC%9D%8C%EC%8B%9D%EC%A0%90/place/34461016?c=14108321.2030863,4509513.8076593,10,0,0,0,dh&placePath=%3Fentry%253Dbmp"
서래오뎅,"오뎅,꼬치","https://map.naver.com/v5/search/%EC%84%9C%EC%B4%88%EA%B5%AC%20%EC%9D%8C%EC%8B%9D%EC%A0%90/place/13330668?c=14108321.2030863,4509513.8076593,10,0,0,0,dh&placePath=%3Fentry%253Dbmp"
매드포갈릭 예술의전당점,이탈리아음식,"https://map.naver.com/v5/search/%EC%84%9C%EC%B4%88%EA%B5%AC%20%EC%9D%8C%EC%8B%9D%EC%A0%90/place/11569443?c=14108321.2030863,4509513.8076593,10,0,0,0,dh&placePath=%3Fentry%253Dbmp"
일번지육개장,한식,"https://map.naver.com/v5/search/%EC%84%9C%EC%B4%88%EA%B5%AC%20%EC%9D%8C%EC%8B%9D%EC%A0%90/place/32489691?c=14107610.5728530,4508936.5264351,10,0,0,0,dh&placePath=%3Fentry%253Dbmp"
송화유수,"육류,고기요리","https://map.naver.com/v5/search/%EC%84%9C%EC%B4%88%EA%B5%AC%20%EC%9D%8C%EC%8B%9D%EC%A0%90/place/1469291580?c=14107610.5728530,4508936.5264351,10,0,0,0,dh&placePath=%3Fentry%253Dbmp"
감격시대,"육류,고기요리","https://map.naver.com/v5/search/%EC%84%9C%EC%B4%88%EA%B5%AC%20%EC%9D%8C%EC%8B%9D%EC%A0%90/place/37128226?c=14107610.5728530,4508936.5264351,10,0,0,0,dh&placePath=%3Fentry%253Dbmp"
신숙,"칼국수,만두","https://map.naver.com/v5/search/%EC%84%9C%EC%B4%88%EA%B5%AC%20%EC%9D%8C%EC%8B%9D%EC%A0%90/place/19873038?c=14108642.7383035,4508048.6718716,10,0,0,0,dh&placePath=%3Fentry%253Dbmp"
하레,이자카야,"https://map.naver.com/v5/search/%EC%84%9C%EC%B4%88%EA%B5%AC%20%EC%9D%8C%EC%8B%9D%EC%A0%90/place/21054865?c=14108642.7383035,4508048.6718716,10,0,0,0,dh&placePath=%3Fentry%253Dbmp"
사가라멘 강남역점,일본식라면,"https://map.naver.com/v5/search/%EC%84%9C%EC%B4%88%EA%B5%AC%20%EC%9D%8C%EC%8B%9D%EC%A0%90/place/1010975108?c=14108642.7383035,4508048.6718716,10,0,0,0,dh&placePath=%3Fentry%253Dbmp"
코다차야,요리주점,"https://map.naver.com/v5/search/%EC%84%9C%EC%B4%88%EA%B5%AC%20%EC%9D%8C%EC%8B%9D%EC%A0%90/place/33102231?c=14108642.7383035,4508048.6718716,10,0,0,0,dh&placePath=%3Fentry%253Dbmp"
화씨이육공,"육류,고기요리","https://map.naver.com/v5/search/%EC%84%9C%EC%B4%88%EA%B5%AC%20%EC%9D%8C%EC%8B%9D%EC%A0%90/place/1080492815?c=14110633.6428686,4508836.6935873,10,0,0,0,dh&placePath=%3Fentry%253Dbmp"
LP바 제플린,바(BAR),"https://map.naver.com/v5/search/%EC%84%9C%EC%B4%88%EA%B5%AC%20%EC%9D%8C%EC%8B%9D%EC%A0%90/place/32465521?c=14110633.6428686,4508836.6935873,10,0,0,0,dh&placePath=%3Fentry%253Dbmp"
빕스 프리미어 반포역점,패밀리레스토랑,"https://map.naver.com/v5/search/%EC%84%9C%EC%B4%88%EA%B5%AC%20%EC%9D%8C%EC%8B%9D%EC%A0%90/place/11735714?c=14110633.6428686,4508836.6935873,10,0,0,0,dh&placePath=%3Fentry%253Dbmp"
시골야채된장,"찌개,전골","https://map.naver.com/v5/search/%EC%84%9C%EC%B4%88%EA%B5%AC%20%EC%9D%8C%EC%8B%9D%EC%A0%90/place/11709266?c=14110633.6428686,4508836.6935873,10,0,0,0,dh&placePath=%3Fentry%253Dbmp"
푸드더즈매터,양식,"https://map.naver.com/v5/search/%EC%84%9C%EC%B4%88%EA%B5%AC%20%EC%9D%8C%EC%8B%9D%EC%A0%90/place/1820277955?c=14110633.6428686,4508836.6935873,10,0,0,0,dh&placePath=%3Fentry%253Dbmp"
까르니브라질그릴,양식,"https://map.naver.com/v5/search/%EC%84%9C%EC%B4%88%EA%B5%AC%20%EC%9D%8C%EC%8B%9D%EC%A0%90/place/1163576582?c=14109056.1343646,4510240.6988082,10,0,0,0,dh&placePath=%3Fentry%253Dbmp"
규스홈 레스토랑,이탈리아음식,"https://map.naver.com/v5/search/%EC%84%9C%EC%B4%88%EA%B5%AC%20%EC%9D%8C%EC%8B%9D%EC%A0%90/place/37822755?c=14109056.1343646,4510240.6988082,10,0,0,0,dh&placePath=%3Fentry%253Dbmp"
카츠8 강남점,돈가스,"https://map.naver.com/v5/search/%EC%84%9C%EC%B4%88%EA%B5%AC%20%EC%9D%8C%EC%8B%9D%EC%A0%90/place/1397024217?c=14109056.1343646,4510240.6988082,10,0,0,0,dh&placePath=%3Fentry%253Dbmp"
월량,중식당,"https://map.naver.com/v5/search/%EC%84%9C%EC%B4%88%EA%B5%AC%20%EC%9D%8C%EC%8B%9D%EC%A0%90/place/1865662429?c=14107355.6734829,4506513.8805159,10,0,0,0,dh&placePath=%3Fentry%253Dbmp"
반티엔야오 카오위 강남점,중식당,"https://map.naver.com/v5/search/%EC%84%9C%EC%B4%88%EA%B5%AC%20%EC%9D%8C%EC%8B%9D%EC%A0%90/place/1109024709?c=14110722.0082804,4508558.8784415,10,0,0,0,dh&placePath=%3Fentry%253Dbmp"
파파이스강남점,햄버거,"https://map.naver.com/v5/search/%EC%84%9C%EC%B4%88%EA%B5%AC%20%EC%9D%8C%EC%8B%9D%EC%A0%90/place/1793904718?c=14110722.0082804,4508558.8784415,10,0,0,0,dh&placePath=%3Fentry%253Dbmp"
유미분,종합분식,"https://map.naver.com/v5/search/%EC%84%9C%EC%B4%88%EA%B5%AC%20%EC%9D%8C%EC%8B%9D%EC%A0%90/place/1292227720?c=14110722.0082804,4508558.8784415,10,0,0,0,dh&placePath=%3Fentry%253Dbmp"
소신,이자카야,"https://map.naver.com/v5/search/%EC%84%9C%EC%B4%88%EA%B5%AC%20%EC%9D%8C%EC%8B%9D%EC%A0%90/place/1429930181?c=14110990.1101420,4508085.3889662,10,0,0,0,dh&placePath=%3Fentry%253Dbmp"
먼데이블루스,와인,"https://map.naver.com/v5/search/%EC%84%9C%EC%B4%88%EA%B5%AC%20%EC%9D%8C%EC%8B%9D%EC%A0%90/place/37100989?c=14110990.1101420,4508085.3889662,10,0,0,0,dh&placePath=%3Fentry%253Dbmp"
멘야시노기,일본식라면,"https://map.naver.com/v5/search/%EC%84%9C%EC%B4%88%EA%B5%AC%20%EC%9D%8C%EC%8B%9D%EC%A0%90/place/1185505028?c=14110990.1101420,4508085.3889662,10,0,0,0,dh&placePath=%3Fentry%253Dbmp"
쉐이크쉑 센트럴시티점,햄버거,"https://map.naver.com/v5/search/%EC%84%9C%EC%B4%88%EA%B5%AC%20%EC%9D%8C%EC%8B%9D%EC%A0%90/place/1553797864?c=14112277.9208032,4506618.0400046,10,0,0,0,dh&placePath=%3Fentry%253Dbmp"
백화네부엌 교대점,요리주점,"https://map.naver.com/v5/search/%EC%84%9C%EC%B4%88%EA%B5%AC%20%EC%9D%8C%EC%8B%9D%EC%A0%90/place/1865515894?c=14110044.6625747,4509575.2125751,10,0,0,0,dh&placePath=%3Fentry%253Dbmp"
생어거스틴 파스텔시티점,아시아음식,"https://map.naver.com/v5/search/%EC%84%9C%EC%B4%88%EA%B5%AC%20%EC%9D%8C%EC%8B%9D%EC%A0%90/place/34581592?c=14110044.6625747,4509575.2125751,10,0,0,0,dh&placePath=%3Fentry%253Dbmp"
슈가스컬 센트럴시티점,"멕시코,남미음식","https://map.naver.com/v5/search/%EC%84%9C%EC%B4%88%EA%B5%AC%20%EC%9D%8C%EC%8B%9D%EC%A0%90/place/1147831299?c=14110044.6625747,4509575.2125751,10,0,0,0,dh&placePath=%3Fentry%253Dbmp"
경성상회,이자카야,"https://map.naver.com/v5/search/%EC%84%9C%EC%B4%88%EA%B5%AC%20%EC%9D%8C%EC%8B%9D%EC%A0%90/place/1361312812?c=14109116.9148065,4507878.5991819,10,0,0,0,dh&placePath=%3Fentry%253Dbmp"
타쿠미곤,일식당,"https://map.naver.com/v5/search/%EC%84%9C%EC%B4%88%EA%B5%AC%20%EC%9D%8C%EC%8B%9D%EC%A0%90/place/425978041?c=14109116.9148065,4507878.5991819,10,0,0,0,dh&placePath=%3Fentry%253Dbmp"
고메램 교대점,양갈비,"https://map.naver.com/v5/search/%EC%84%9C%EC%B4%88%EA%B5%AC%20%EC%9D%8C%EC%8B%9D%EC%A0%90/place/1903601237?c=14109116.9148065,4507878.5991819,10,0,0,0,dh&placePath=%3Fentry%253Dbmp"
영동교집 강남직영점,돼지고기구이,"https://map.naver.com/v5/search/%EC%84%9C%EC%B4%88%EA%B5%AC%20%EC%9D%8C%EC%8B%9D%EC%A0%90/place/1400155632?c=14109116.9148065,4507878.5991819,10,0,0,0,dh&placePath=%3Fentry%253Dbmp"
소곰집 양재점,돼지고기구이,"https://map.naver.com/v5/search/%EC%84%9C%EC%B4%88%EA%B5%AC%20%EC%9D%8C%EC%8B%9D%EC%A0%90/place/1188227652?c=14109116.9148065,4507878.5991819,10,0,0,0,dh&placePath=%3Fentry%253Dbmp"
르뺑아쎄르,베이커리,"https://map.naver.com/v5/search/%EC%84%9C%EC%B4%88%EA%B5%AC%20%EC%9D%8C%EC%8B%9D%EC%A0%90/place/1520564554?c=14109116.9148065,4507878.5991819,10,0,0,0,dh&placePath=%3Fentry%253Dbmp"
인더비엣 신논현역점,베트남음식,"https://map.naver.com/v5/search/%EC%84%9C%EC%B4%88%EA%B5%AC%20%EC%9D%8C%EC%8B%9D%EC%A0%90/place/1516567349?c=14109116.9148065,4507878.5991819,10,0,0,0,dh&placePath=%3Fentry%253Dbmp"
대도식당 강남대로점,소고기구이,"https://map.naver.com/v5/search/%EC%84%9C%EC%B4%88%EA%B5%AC%20%EC%9D%8C%EC%8B%9D%EC%A0%90/place/33625110?c=14109116.9148065,4507878.5991819,10,0,0,0,dh&placePath=%3Fentry%253Dbmp"
신도세기 강남역점,돼지고기구이,"https://map.naver.com/v5/search/%EC%84%9C%EC%B4%88%EA%B5%AC%20%EC%9D%8C%EC%8B%9D%EC%A0%90/place/1357831743?c=14109116.9148065,4507878.5991819,10,0,0,0,dh&placePath=%3Fentry%253Dbmp"
서울주막 강남역1호점,요리주점,"https://map.naver.com/v5/search/%EC%84%9C%EC%B4%88%EA%B5%AC%20%EC%9D%8C%EC%8B%9D%EC%A0%90/place/1915464369?c=14109116.9148065,4507878.5991819,10,0,0,0,dh&placePath=%3Fentry%253Dbmp"
10월 19일,"카페,디저트","https://map.naver.com/v5/search/%EC%84%9C%EC%B4%88%EA%B5%AC%20%EC%9D%8C%EC%8B%9D%EC%A0%90/place/1237242418?c=14109116.9148065,4507878.5991819,10,0,0,0,dh&placePath=%3Fentry%253Dbmp"
버드나무집 서초동본점,한식,"https://map.naver.com/v5/search/%EC%84%9C%EC%B4%88%EA%B5%AC%20%EC%9D%8C%EC%8B%9D%EC%A0%90/place/11627634?c=14110467.7990912,4509194.9316571,10,0,0,0,dh&placePath=%3Fentry%253Dbmp"
쿠오레에스프레소,"카페,디저트","https://map.naver.com/v5/search/%EC%84%9C%EC%B4%88%EA%B5%AC%20%EC%9D%8C%EC%8B%9D%EC%A0%90/place/38677120?c=14110467.7990912,4509194.9316571,10,0,0,0,dh&placePath=%3Fentry%253Dbmp"
가츠오,돈가스,"https://map.naver.com/v5/search/%EC%84%9C%EC%B4%88%EA%B5%AC%20%EC%9D%8C%EC%8B%9D%EC%A0%90/place/1652220988?c=14110467.7990912,4509194.9316571,10,0,0,0,dh&placePath=%3Fentry%253Dbmp"
비스트로모브,"스파게티,파스타전문","https://map.naver.com/v5/search/%EC%84%9C%EC%B4%88%EA%B5%AC%20%EC%9D%8C%EC%8B%9D%EC%A0%90/place/32618832?c=14110467.7990912,4509194.9316571,10,0,0,0,dh&placePath=%3Fentry%253Dbmp"
서리풀식당,"족발,보쌈","https://map.naver.com/v5/search/%EC%84%9C%EC%B4%88%EA%B5%AC%20%EC%9D%8C%EC%8B%9D%EC%A0%90/place/1740136440?c=14110467.7990912,4509194.9316571,10,0,0,0,dh&placePath=%3Fentry%253Dbmp"
보스베이글웍스 방배점,카페,"https://map.naver.com/v5/search/%EC%84%9C%EC%B4%88%EA%B5%AC%20%EC%9D%8C%EC%8B%9D%EC%A0%90/place/1676795248?c=14110467.7990912,4509194.9316571,10,0,0,0,dh&placePath=%3Fentry%253Dbmp"
도쿄하나 사당점,일식당,"https://map.naver.com/v5/search/%EC%84%9C%EC%B4%88%EA%B5%AC%20%EC%9D%8C%EC%8B%9D%EC%A0%90/place/36509363?c=14109942.3599627,4510764.0495679,10,0,0,0,dh&placePath=%3Fentry%253Dbmp"
크로스비,와인,"https://map.naver.com/v5/search/%EC%84%9C%EC%B4%88%EA%B5%AC%20%EC%9D%8C%EC%8B%9D%EC%A0%90/place/19872942?c=14109942.3599627,4510764.0495679,10,0,0,0,dh&placePath=%3Fentry%253Dbmp"
오리에,브런치,"https://map.naver.com/v5/search/%EC%84%9C%EC%B4%88%EA%B5%AC%20%EC%9D%8C%EC%8B%9D%EC%A0%90/place/1563983365?c=14109942.3599627,4510764.0495679,10,0,0,0,dh&placePath=%3Fentry%253Dbmp"
거북이,"카페,디저트","https://map.naver.com/v5/search/%EC%84%9C%EC%B4%88%EA%B5%AC%20%EC%9D%8C%EC%8B%9D%EC%A0%90/place/1624775447?c=14109942.3599627,4510764.0495679,10,0,0,0,dh&placePath=%3Fentry%253Dbmp"
몬탁,베이커리,"https://map.naver.com/v5/search/%EC%84%9C%EC%B4%88%EA%B5%AC%20%EC%9D%8C%EC%8B%9D%EC%A0%90/place/1045302382?c=14107101.4865577,4507491.2668983,10,0,0,0,dh&placePath=%3Fentry%253Dbmp"
휴락담,요리주점,"https://map.naver.com/v5/search/%EC%84%9C%EC%B4%88%EA%B5%AC%20%EC%9D%8C%EC%8B%9D%EC%A0%90/place/1033452416?c=14107101.4865577,4507491.2668983,10,0,0,0,dh&placePath=%3Fentry%253Dbmp"
카몽,"카페,디저트","https://map.naver.com/v5/search/%EC%84%9C%EC%B4%88%EA%B5%AC%20%EC%9D%8C%EC%8B%9D%EC%A0%90/place/35075023?c=14107101.4865577,4507491.2668983,10,0,0,0,dh&placePath=%3Fentry%253Dbmp"
줄라이,양식,"https://map.naver.com/v5/search/%EC%84%9C%EC%B4%88%EA%B5%AC%20%EC%9D%8C%EC%8B%9D%EC%A0%90/place/12761447?c=14107101.4865577,4507491.2668983,10,0,0,0,dh&placePath=%3Fentry%253Dbmp"
무월식탁 파미에스테이션점,한식,"https://map.naver.com/v5/search/%EC%84%9C%EC%B4%88%EA%B5%AC%20%EC%9D%8C%EC%8B%9D%EC%A0%90/place/1167488982?c=14107101.4865577,4507491.2668983,10,0,0,0,dh&placePath=%3Fentry%253Dbmp"
한성돈까스,돈가스,"https://map.naver.com/v5/search/%EC%84%9C%EC%B4%88%EA%B5%AC%20%EC%9D%8C%EC%8B%9D%EC%A0%90/place/11684597?c=14107101.4865577,4507491.2668983,10,0,0,0,dh&placePath=%3Fentry%253Dbmp"
맛집곱창구이,"곱창,막창,양","https://map.naver.com/v5/search/%EC%84%9C%EC%B4%88%EA%B5%AC%20%EC%9D%8C%EC%8B%9D%EC%A0%90/place/18222123?c=14105914.9543692,4505941.7582658,10,0,0,0,dh&placePath=%3Fentry%253Dbmp"
크래버대게나라 서초점,게요리,"https://map.naver.com/v5/search/%EC%84%9C%EC%B4%88%EA%B5%AC%20%EC%9D%8C%EC%8B%9D%EC%A0%90/place/33586047?c=14105914.9543692,4505941.7582658,10,0,0,0,dh&placePath=%3Fentry%253Dbmp"
산도,샌드위치,"https://map.naver.com/v5/search/%EC%84%9C%EC%B4%88%EA%B5%AC%20%EC%9D%8C%EC%8B%9D%EC%A0%90/place/1918289213?c=14105914.9543692,4505941.7582658,10,0,0,0,dh&placePath=%3Fentry%253Dbmp"
디토,이탈리아음식,"https://map.naver.com/v5/search/%EC%84%9C%EC%B4%88%EA%B5%AC%20%EC%9D%8C%EC%8B%9D%EC%A0%90/place/1216994650?c=14105914.9543692,4505941.7582658,10,0,0,0,dh&placePath=%3Fentry%253Dbmp"
청류벽,막국수,"https://map.naver.com/v5/search/%EC%84%9C%EC%B4%88%EA%B5%AC%20%EC%9D%8C%EC%8B%9D%EC%A0%90/place/1486575735?c=14105914.9543692,4505941.7582658,10,0,0,0,dh&placePath=%3Fentry%253Dbmp"
심재,"카페,디저트","https://map.naver.com/v5/search/%EC%84%9C%EC%B4%88%EA%B5%AC%20%EC%9D%8C%EC%8B%9D%EC%A0%90/place/1662301448?c=14105914.9543692,4505941.7582658,10,0,0,0,dh&placePath=%3Fentry%253Dbmp"
스시타노,일식당,"https://map.naver.com/v5/search/%EC%84%9C%EC%B4%88%EA%B5%AC%20%EC%9D%8C%EC%8B%9D%EC%A0%90/place/35906570?c=14110777.6902897,4508311.4888513,10,0,0,0,dh&placePath=%3Fentry%253Dbmp"
시그니처랩 서래마을점,양식,"https://map.naver.com/v5/search/%EC%84%9C%EC%B4%88%EA%B5%AC%20%EC%9D%8C%EC%8B%9D%EC%A0%90/place/1969504504?c=14110777.6902897,4508311.4888513,10,0,0,0,dh&placePath=%3Fentry%253Dbmp"
노스티모,그리스음식,"https://map.naver.com/v5/search/%EC%84%9C%EC%B4%88%EA%B5%AC%20%EC%9D%8C%EC%8B%9D%EC%A0%90/place/1259445765?c=14110777.6902897,4508311.4888513,10,0,0,0,dh&placePath=%3Fentry%253Dbmp"
볼라레,이탈리아음식,"https://map.naver.com/v5/search/%EC%84%9C%EC%B4%88%EA%B5%AC%20%EC%9D%8C%EC%8B%9D%EC%A0%90/place/19867370?c=14110777.6902897,4508311.4888513,10,0,0,0,dh&placePath=%3Fentry%253Dbmp"
이가네양꼬치 교대직영점,양꼬치,"https://map.naver.com/v5/search/%EC%84%9C%EC%B4%88%EA%B5%AC%20%EC%9D%8C%EC%8B%9D%EC%A0%90/place/1453358113?c=14107500.9008906,4508771.6028023,10,0,0,0,dh&placePath=%3Fentry%253Dbmp"
이누식당,양식,"https://map.naver.com/v5/search/%EC%84%9C%EC%B4%88%EA%B5%AC%20%EC%9D%8C%EC%8B%9D%EC%A0%90/place/1228341502?c=14107389.8930944,4508904.6892648,10,0,0,0,dh&placePath=%3Fentry%253Dbmp"
닥터로빈 시그니쳐 서초점,이탈리아음식,"https://map.naver.com/v5/search/%EC%84%9C%EC%B4%88%EA%B5%AC%20%EC%9D%8C%EC%8B%9D%EC%A0%90/place/1705439631?c=14107389.8930944,4508904.6892648,10,0,0,0,dh&placePath=%3Fentry%253Dbmp"
장꼬방,빙수,"https://map.naver.com/v5/search/%EC%84%9C%EC%B4%88%EA%B5%AC%20%EC%9D%8C%EC%8B%9D%EC%A0%90/place/31991940?c=14107389.8930944,4508904.6892648,10,0,0,0,dh&placePath=%3Fentry%253Dbmp"
스시도온,"초밥,롤","https://map.naver.com/v5/search/%EC%84%9C%EC%B4%88%EA%B5%AC%20%EC%9D%8C%EC%8B%9D%EC%A0%90/place/1557542796?c=14110722.0082804,4508558.8784415,10,0,0,0,dh&placePath=%3Fentry%253Dbmp"
릿잇타미,햄버거,"https://map.naver.com/v5/search/%EC%84%9C%EC%B4%88%EA%B5%AC%20%EC%9D%8C%EC%8B%9D%EC%A0%90/place/1019138045?c=14110722.0082804,4508558.8784415,10,0,0,0,dh&placePath=%3Fentry%253Dbmp"
이솔라 레스토랑,이탈리아음식,"https://map.naver.com/v5/search/%EC%84%9C%EC%B4%88%EA%B5%AC%20%EC%9D%8C%EC%8B%9D%EC%A0%90/place/37811707?c=14110722.0082804,4508558.8784415,10,0,0,0,dh&placePath=%3Fentry%253Dbmp"
더막창스,"곱창,막창,양","https://map.naver.com/v5/search/%EC%84%9C%EC%B4%88%EA%B5%AC%20%EC%9D%8C%EC%8B%9D%EC%A0%90/place/37085684?c=14110722.0082804,4508558.8784415,10,0,0,0,dh&placePath=%3Fentry%253Dbmp"
수다 서래점,이자카야,"https://map.naver.com/v5/search/%EC%84%9C%EC%B4%88%EA%B5%AC%20%EC%9D%8C%EC%8B%9D%EC%A0%90/place/1665279700?c=14110722.0082804,4508558.8784415,10,0,0,0,dh&placePath=%3Fentry%253Dbmp"
지구상사 강남점,요리주점,"https://map.naver.com/v5/search/%EC%84%9C%EC%B4%88%EA%B5%AC%20%EC%9D%8C%EC%8B%9D%EC%A0%90/place/1641614646?c=14110722.0082804,4508558.8784415,10,0,0,0,dh&placePath=%3Fentry%253Dbmp"
탐라도야지 본점,돼지고기구이,"https://map.naver.com/v5/search/%EC%84%9C%EC%B4%88%EA%B5%AC%20%EC%9D%8C%EC%8B%9D%EC%A0%90/place/18364648?c=14110722.0082804,4508558.8784415,10,0,0,0,dh&placePath=%3Fentry%253Dbmp"
이가해장국,해장국,"https://map.naver.com/v5/search/%EC%84%9C%EC%B4%88%EA%B5%AC%20%EC%9D%8C%EC%8B%9D%EC%A0%90/place/1424852905?c=14110554.4167870,4509248.3365719,10,0,0,0,dh&placePath=%3Fentry%253Dbmp"
미우야,일식당,"https://map.naver.com/v5/search/%EC%84%9C%EC%B4%88%EA%B5%AC%20%EC%9D%8C%EC%8B%9D%EC%A0%90/place/21259234?c=14110554.4167870,4509248.3365719,10,0,0,0,dh&placePath=%3Fentry%253Dbmp"
매드포갈릭 강남삼성타운점,이탈리아음식,"https://map.naver.com/v5/search/%EC%84%9C%EC%B4%88%EA%B5%AC%20%EC%9D%8C%EC%8B%9D%EC%A0%90/place/13090306?c=14110554.4167870,4509248.3365719,10,0,0,0,dh&placePath=%3Fentry%253Dbmp"
기와집양대창,"곱창,막창,양","https://map.naver.com/v5/search/%EC%84%9C%EC%B4%88%EA%B5%AC%20%EC%9D%8C%EC%8B%9D%EC%A0%90/place/1880659013?c=14110318.5196541,4509682.4334932,10,0,0,0,dh&placePath=%3Fentry%253Dbmp"
나노하나,일식당,"https://map.naver.com/v5/search/%EC%84%9C%EC%B4%88%EA%B5%AC%20%EC%9D%8C%EC%8B%9D%EC%A0%90/place/1815627573?c=14110318.5196541,4509682.4334932,10,0,0,0,dh&placePath=%3Fentry%253Dbmp"
스타벅스 파미에파크R점,카페,"https://map.naver.com/v5/search/%EC%84%9C%EC%B4%88%EA%B5%AC%20%EC%9D%8C%EC%8B%9D%EC%A0%90/place/35396916?c=14110318.5196541,4509682.4334932,10,0,0,0,dh&placePath=%3Fentry%253Dbmp"
언니가 숨겨놓은 과자상자,"카페,디저트","https://map.naver.com/v5/search/%EC%84%9C%EC%B4%88%EA%B5%AC%20%EC%9D%8C%EC%8B%9D%EC%A0%90/place/1175579094?c=14110449.2087362,4509203.8839071,10,0,0,0,dh&placePath=%3Fentry%253Dbmp"
한신치킨호프,"치킨,닭강정","https://map.naver.com/v5/search/%EC%84%9C%EC%B4%88%EA%B5%AC%20%EC%9D%8C%EC%8B%9D%EC%A0%90/place/18272769?c=14110449.2087362,4509203.8839071,10,0,0,0,dh&placePath=%3Fentry%253Dbmp"
키친피콜로,"스파게티,파스타전문","https://map.naver.com/v5/search/%EC%84%9C%EC%B4%88%EA%B5%AC%20%EC%9D%8C%EC%8B%9D%EC%A0%90/place/36271215?c=14110449.2087362,4509203.8839071,10,0,0,0,dh&placePath=%3Fentry%253Dbmp"
장꼬방묵은김치찌개전문,"찌개,전골","https://map.naver.com/v5/search/%EC%84%9C%EC%B4%88%EA%B5%AC%20%EC%9D%8C%EC%8B%9D%EC%A0%90/place/11819292?c=14110449.2087362,4509203.8839071,10,0,0,0,dh&placePath=%3Fentry%253Dbmp"
우면동소나무집,닭볶음탕,"https://map.naver.com/v5/search/%EC%84%9C%EC%B4%88%EA%B5%AC%20%EC%9D%8C%EC%8B%9D%EC%A0%90/place/18267595?c=14105863.0238267,4506252.6797241,10,0,0,0,dh&placePath=%3Fentry%253Dbmp"
깔리,인도음식,"https://map.naver.com/v5/search/%EC%84%9C%EC%B4%88%EA%B5%AC%20%EC%9D%8C%EC%8B%9D%EC%A0%90/place/38414925?c=14105863.0238267,4506252.6797241,10,0,0,0,dh&placePath=%3Fentry%253Dbmp"
마틸다 바베큐 치킨 본점,"치킨,닭강정","https://map.naver.com/v5/search/%EC%84%9C%EC%B4%88%EA%B5%AC%20%EC%9D%8C%EC%8B%9D%EC%A0%90/place/1098338064?c=14109015.0574725,4503197.6187200,10,0,0,0,dh&placePath=%3Fentry%253Dbmp"
소담소,"육류,고기요리","https://map.naver.com/v5/search/%EC%84%9C%EC%B4%88%EA%B5%AC%20%EC%9D%8C%EC%8B%9D%EC%A0%90/place/1845316835?c=14109015.0574725,4503197.6187200,10,0,0,0,dh&placePath=%3Fentry%253Dbmp"
로우어가든,"카페,디저트","https://map.naver.com/v5/search/%EC%84%9C%EC%B4%88%EA%B5%AC%20%EC%9D%8C%EC%8B%9D%EC%A0%90/place/1011293106?c=14109015.0574725,4503197.6187200,10,0,0,0,dh&placePath=%3Fentry%253Dbmp"
앵콜칼국수,"칼국수,만두","https://map.naver.com/v5/search/%EC%84%9C%EC%B4%88%EA%B5%AC%20%EC%9D%8C%EC%8B%9D%EC%A0%90/place/1852194575?c=14112800.4767569,4505537.0341236,10,0,0,0,dh&placePath=%3Fentry%253Dbmp"
js가든 잠원점,중식당,"https://map.naver.com/v5/search/%EC%84%9C%EC%B4%88%EA%B5%AC%20%EC%9D%8C%EC%8B%9D%EC%A0%90/place/21909376?c=14112800.4767569,4505537.0341236,10,0,0,0,dh&placePath=%3Fentry%253Dbmp"
더플라잉팬레드,양식,"https://map.naver.com/v5/search/%EC%84%9C%EC%B4%88%EA%B5%AC%20%EC%9D%8C%EC%8B%9D%EC%A0%90/place/30955062?c=14109219.2842103,4506408.5577378,10,0,0,0,dh&placePath=%3Fentry%253Dbmp"
주,중식당,"https://map.naver.com/v5/search/%EC%84%9C%EC%B4%88%EA%B5%AC%20%EC%9D%8C%EC%8B%9D%EC%A0%90/place/13371755?c=14109219.2842103,4506408.5577378,10,0,0,0,dh&placePath=%3Fentry%253Dbmp"
피제리아 호키포키,피자,"https://map.naver.com/v5/search/%EC%84%9C%EC%B4%88%EA%B5%AC%20%EC%9D%8C%EC%8B%9D%EC%A0%90/place/1567503530?c=14109219.2842103,4506408.5577378,10,0,0,0,dh&placePath=%3Fentry%253Dbmp"
심비디움2 by bareumi,"일식,초밥뷔페","https://map.naver.com/v5/search/%EC%84%9C%EC%B4%88%EA%B5%AC%20%EC%9D%8C%EC%8B%9D%EC%A0%90/place/1563541438?c=14109219.2842103,4506408.5577378,10,0,0,0,dh&placePath=%3Fentry%253Dbmp"
크리스탈제이드 상하이 팰리스 잠원점,중식당,"https://map.naver.com/v5/search/%EC%84%9C%EC%B4%88%EA%B5%AC%20%EC%9D%8C%EC%8B%9D%EC%A0%90/place/1141410734?c=14109219.2842103,4506408.5577378,10,0,0,0,dh&placePath=%3Fentry%253Dbmp"
산들해반포,한정식,"https://map.naver.com/v5/search/%EC%84%9C%EC%B4%88%EA%B5%AC%20%EC%9D%8C%EC%8B%9D%EC%A0%90/place/20367327?c=14108854.3566555,4506656.6739691,10,0,0,0,dh&placePath=%3Fentry%253Dbmp"
김영모과자점 서초동성당점,베이커리,"https://map.naver.com/v5/search/%EC%84%9C%EC%B4%88%EA%B5%AC%20%EC%9D%8C%EC%8B%9D%EC%A0%90/place/19886404?c=14108854.3566555,4506656.6739691,10,0,0,0,dh&placePath=%3Fentry%253Dbmp"
아랑솥뚜껑 양재본점,돼지고기구이,"https://map.naver.com/v5/search/%EC%84%9C%EC%B4%88%EA%B5%AC%20%EC%9D%8C%EC%8B%9D%EC%A0%90/place/37684003?c=14108854.3566555,4506656.6739691,10,0,0,0,dh&placePath=%3Fentry%253Dbmp"
담은,요리주점,"https://map.naver.com/v5/search/%EC%84%9C%EC%B4%88%EA%B5%AC%20%EC%9D%8C%EC%8B%9D%EC%A0%90/place/31887568?c=14108854.3566555,4506656.6739691,10,0,0,0,dh&placePath=%3Fentry%253Dbmp"
스시쇼우,"초밥,롤","https://map.naver.com/v5/search/%EC%84%9C%EC%B4%88%EA%B5%AC%20%EC%9D%8C%EC%8B%9D%EC%A0%90/place/1388115676?c=14110098.4966805,4508162.1206732,10,0,0,0,dh&placePath=%3Fentry%253Dbmp"
크레미엘,베이커리,"https://map.naver.com/v5/search/%EC%84%9C%EC%B4%88%EA%B5%AC%20%EC%9D%8C%EC%8B%9D%EC%A0%90/place/1769814833?c=14110098.4966805,4508162.1206732,10,0,0,0,dh&placePath=%3Fentry%253Dbmp"
홍미단 본점,분식,"https://map.naver.com/v5/search/%EC%84%9C%EC%B4%88%EA%B5%AC%20%EC%9D%8C%EC%8B%9D%EC%A0%90/place/1848858855?c=14107491.7392965,4508861.4868424,10,0,0,0,dh&placePath=%3Fentry%253Dbmp"
상석,한식,"https://map.naver.com/v5/search/%EC%84%9C%EC%B4%88%EA%B5%AC%20%EC%9D%8C%EC%8B%9D%EC%A0%90/place/1274639097?c=14110158.1193998,4510231.5211422,10,0,0,0,dh&placePath=%3Fentry%253Dbmp"
한국회관,소고기구이,"https://map.naver.com/v5/search/%EC%84%9C%EC%B4%88%EA%B5%AC%20%EC%9D%8C%EC%8B%9D%EC%A0%90/place/32258504?c=14110158.1193998,4510231.5211422,10,0,0,0,dh&placePath=%3Fentry%253Dbmp"
청계산곤드레집,한식,"https://map.naver.com/v5/search/%EC%84%9C%EC%B4%88%EA%B5%AC%20%EC%9D%8C%EC%8B%9D%EC%A0%90/place/38571420?c=14110158.1193998,4510231.5211422,10,0,0,0,dh&placePath=%3Fentry%253Dbmp"
라메종뒤땅,와인,"https://map.naver.com/v5/search/%EC%84%9C%EC%B4%88%EA%B5%AC%20%EC%9D%8C%EC%8B%9D%EC%A0%90/place/1384236057?c=14110158.1193998,4510231.5211422,10,0,0,0,dh&placePath=%3Fentry%253Dbmp"
스시효잠원본점,"초밥,롤","https://map.naver.com/v5/search/%EC%84%9C%EC%B4%88%EA%B5%AC%20%EC%9D%8C%EC%8B%9D%EC%A0%90/place/11679407?c=14110158.1193998,4510231.5211422,10,0,0,0,dh&placePath=%3Fentry%253Dbmp"
잭앤더,베이커리,"https://map.naver.com/v5/search/%EC%84%9C%EC%B4%88%EA%B5%AC%20%EC%9D%8C%EC%8B%9D%EC%A0%90/place/1533119438?c=14110158.1193998,4510231.5211422,10,0,0,0,dh&placePath=%3Fentry%253Dbmp"
담,한정식,"https://map.naver.com/v5/search/%EC%84%9C%EC%B4%88%EA%B5%AC%20%EC%9D%8C%EC%8B%9D%EC%A0%90/place/37942949?c=14108850.2378344,4510495.1506939,10,0,0,0,dh&placePath=%3Fentry%253Dbmp"
매드포갈릭 사당점,이탈리아음식,"https://map.naver.com/v5/search/%EC%84%9C%EC%B4%88%EA%B5%AC%20%EC%9D%8C%EC%8B%9D%EC%A0%90/place/13348660?c=14108850.2378344,4510495.1506939,10,0,0,0,dh&placePath=%3Fentry%253Dbmp"
1357철판삼겹,돼지고기구이,"https://map.naver.com/v5/search/%EC%84%9C%EC%B4%88%EA%B5%AC%20%EC%9D%8C%EC%8B%9D%EC%A0%90/place/21354302?c=14109078.1310959,4506001.4028494,10,0,0,0,dh&placePath=%3Fentry%253Dbmp"
사녹,양식,"https://map.naver.com/v5/search/%EC%84%9C%EC%B4%88%EA%B5%AC%20%EC%9D%8C%EC%8B%9D%EC%A0%90/place/1739451102?c=14109078.1310959,4506001.4028494,10,0,0,0,dh&placePath=%3Fentry%253Dbmp"
디엠룸술집,요리주점,"https://map.naver.com/v5/search/%EC%84%9C%EC%B4%88%EA%B5%AC%20%EC%9D%8C%EC%8B%9D%EC%A0%90/place/1070316921?c=14109078.1310959,4506001.4028494,10,0,0,0,dh&placePath=%3Fentry%253Dbmp"
비밀베이커리 예술의전당점,베이커리,"https://map.naver.com/v5/search/%EC%84%9C%EC%B4%88%EA%B5%AC%20%EC%9D%8C%EC%8B%9D%EC%A0%90/place/1184562605?c=14109587.2507871,4511097.8356343,10,0,0,0,dh&placePath=%3Fentry%253Dbmp"
소호정 강남점,국수,"https://map.naver.com/v5/search/%EC%84%9C%EC%B4%88%EA%B5%AC%20%EC%9D%8C%EC%8B%9D%EC%A0%90/place/31259560?c=14109587.2507871,4511097.8356343,10,0,0,0,dh&placePath=%3Fentry%253Dbmp"
호왕,소고기구이,"https://map.naver.com/v5/search/%EC%84%9C%EC%B4%88%EA%B5%AC%20%EC%9D%8C%EC%8B%9D%EC%A0%90/place/36298567?c=14109193.9367622,4506393.8283447,10,0,0,0,dh&placePath=%3Fentry%253Dbmp"
우탭 강남점,소고기구이,"https://map.naver.com/v5/search/%EC%84%9C%EC%B4%88%EA%B5%AC%20%EC%9D%8C%EC%8B%9D%EC%A0%90/place/1949341145?c=14109193.9367622,4506393.8283447,10,0,0,0,dh&placePath=%3Fentry%253Dbmp"
카페마마스 강남역점,양식,"https://map.naver.com/v5/search/%EC%84%9C%EC%B4%88%EA%B5%AC%20%EC%9D%8C%EC%8B%9D%EC%A0%90/place/21339789?c=14109193.9367622,4506393.8283447,10,0,0,0,dh&placePath=%3Fentry%253Dbmp"
수프링,브런치,"https://map.naver.com/v5/search/%EC%84%9C%EC%B4%88%EA%B5%AC%20%EC%9D%8C%EC%8B%9D%EC%A0%90/place/1602948264?c=14109193.9367622,4506393.8283447,10,0,0,0,dh&placePath=%3Fentry%253Dbmp"
일일향 강남역3호점,중식당,"https://map.naver.com/v5/search/%EC%84%9C%EC%B4%88%EA%B5%AC%20%EC%9D%8C%EC%8B%9D%EC%A0%90/place/37604496?c=14109193.9367622,4506393.8283447,10,0,0,0,dh&placePath=%3Fentry%253Dbmp"
알로하포케 신논현점,"다이어트,샐러드","https://map.naver.com/v5/search/%EC%84%9C%EC%B4%88%EA%B5%AC%20%EC%9D%8C%EC%8B%9D%EC%A0%90/place/90462643?c=14109193.9367622,4506393.8283447,10,0,0,0,dh&placePath=%3Fentry%253Dbmp"
바이젠하우스 방배1호점,"맥주,호프","https://map.naver.com/v5/search/%EC%84%9C%EC%B4%88%EA%B5%AC%20%EC%9D%8C%EC%8B%9D%EC%A0%90/place/36717913?c=14110789.4011001,4508443.2786428,10,0,0,0,dh&placePath=%3Fentry%253Dbmp"
이자카야나무 강남역3호점,이자카야,"https://map.naver.com/v5/search/%EC%84%9C%EC%B4%88%EA%B5%AC%20%EC%9D%8C%EC%8B%9D%EC%A0%90/place/37725304?c=14110789.4011001,4508443.2786428,10,0,0,0,dh&placePath=%3Fentry%253Dbmp"
수작카츠 양재점,돈가스,"https://map.naver.com/v5/search/%EC%84%9C%EC%B4%88%EA%B5%AC%20%EC%9D%8C%EC%8B%9D%EC%A0%90/place/1914751690?c=14105740.0937131,4506000.7014765,10,0,0,0,dh&placePath=%3Fentry%253Dbmp"
우밀가 서초점,국수,"https://map.naver.com/v5/search/%EC%84%9C%EC%B4%88%EA%B5%AC%20%EC%9D%8C%EC%8B%9D%EC%A0%90/place/122555398?c=14105740.0937131,4506000.7014765,10,0,0,0,dh&placePath=%3Fentry%253Dbmp"
태국식당356,태국음식,"https://map.naver.com/v5/search/%EC%84%9C%EC%B4%88%EA%B5%AC%20%EC%9D%8C%EC%8B%9D%EC%A0%90/place/46696494?c=14105740.0937131,4506000.7014765,10,0,0,0,dh&placePath=%3Fentry%253Dbmp"
스와니예,양식,"https://map.naver.com/v5/search/%EC%84%9C%EC%B4%88%EA%B5%AC%20%EC%9D%8C%EC%8B%9D%EC%A0%90/place/33979993?c=14105740.0937131,4506000.7014765,10,0,0,0,dh&placePath=%3Fentry%253Dbmp"
JW 메리어트 호텔 서울 파티세리,"카페,디저트","https://map.naver.com/v5/search/%EC%84%9C%EC%B4%88%EA%B5%AC%20%EC%9D%8C%EC%8B%9D%EC%A0%90/place/1436445052?c=14105740.0937131,4506000.7014765,10,0,0,0,dh&placePath=%3Fentry%253Dbmp"
대나무골한정식,한정식,"https://map.naver.com/v5/search/%EC%84%9C%EC%B4%88%EA%B5%AC%20%EC%9D%8C%EC%8B%9D%EC%A0%90/place/13195491?c=14105740.0937131,4506000.7014765,10,0,0,0,dh&placePath=%3Fentry%253Dbmp"
프로간장게장 신사본점,게요리,"https://map.naver.com/v5/search/%EC%84%9C%EC%B4%88%EA%B5%AC%20%EC%9D%8C%EC%8B%9D%EC%A0%90/place/11534185?c=14105740.0937131,4506000.7014765,10,0,0,0,dh&placePath=%3Fentry%253Dbmp"
크라이치즈버거 양재역점,햄버거,"https://map.naver.com/v5/search/%EC%84%9C%EC%B4%88%EA%B5%AC%20%EC%9D%8C%EC%8B%9D%EC%A0%90/place/1320179295?c=14105740.0937131,4506000.7014765,10,0,0,0,dh&placePath=%3Fentry%253Dbmp"
코이라멘 서초점,일본식라면,"https://map.naver.com/v5/search/%EC%84%9C%EC%B4%88%EA%B5%AC%20%EC%9D%8C%EC%8B%9D%EC%A0%90/place/1357964045?c=14105740.0937131,4506000.7014765,10,0,0,0,dh&placePath=%3Fentry%253Dbmp"
그림나베,샤브샤브,"https://map.naver.com/v5/search/%EC%84%9C%EC%B4%88%EA%B5%AC%20%EC%9D%8C%EC%8B%9D%EC%A0%90/place/37366352?c=14109863.5346313,4511077.9771428,10,0,0,0,dh&placePath=%3Fentry%253Dbmp"
치코,"멕시코,남미음식","https://map.naver.com/v5/search/%EC%84%9C%EC%B4%88%EA%B5%AC%20%EC%9D%8C%EC%8B%9D%EC%A0%90/place/31906010?c=14109863.5346313,4511077.9771428,10,0,0,0,dh&placePath=%3Fentry%253Dbmp"
카리 파미에스테이션점,인도음식,"https://map.naver.com/v5/search/%EC%84%9C%EC%B4%88%EA%B5%AC%20%EC%9D%8C%EC%8B%9D%EC%A0%90/place/1783587658?c=14109863.5346313,4511077.9771428,10,0,0,0,dh&placePath=%3Fentry%253Dbmp"
던킨 라이브 강남,도넛,"https://map.naver.com/v5/search/%EC%84%9C%EC%B4%88%EA%B5%AC%20%EC%9D%8C%EC%8B%9D%EC%A0%90/place/12948226?c=14112195.1770257,4506223.7263958,10,0,0,0,dh&placePath=%3Fentry%253Dbmp"
이가네양꼬치 양재2호직영점,양꼬치,"https://map.naver.com/v5/search/%EC%84%9C%EC%B4%88%EA%B5%AC%20%EC%9D%8C%EC%8B%9D%EC%A0%90/place/240373085?c=14108296.7016664,4509483.4140430,10,0,0,0,dh&placePath=%3Fentry%253Dbmp"
한소반 청계산점,한식,"https://map.naver.com/v5/search/%EC%84%9C%EC%B4%88%EA%B5%AC%20%EC%9D%8C%EC%8B%9D%EC%A0%90/place/19866404?c=14108296.7016664,4509483.4140430,10,0,0,0,dh&placePath=%3Fentry%253Dbmp"
세광양대창 양재점,"곱창,막창,양","https://map.naver.com/v5/search/%EC%84%9C%EC%B4%88%EA%B5%AC%20%EC%9D%8C%EC%8B%9D%EC%A0%90/place/1106978299?c=14108296.7016664,4509483.4140430,10,0,0,0,dh&placePath=%3Fentry%253Dbmp"
겁없는토끼부엌,퓨전음식,"https://map.naver.com/v5/search/%EC%84%9C%EC%B4%88%EA%B5%AC%20%EC%9D%8C%EC%8B%9D%EC%A0%90/place/33752094?c=14108296.7016664,4509483.4140430,10,0,0,0,dh&placePath=%3Fentry%253Dbmp"
교대플랫다이닝카페,브런치,"https://map.naver.com/v5/search/%EC%84%9C%EC%B4%88%EA%B5%AC%20%EC%9D%8C%EC%8B%9D%EC%A0%90/place/1205491914?c=14108296.7016664,4509483.4140430,10,0,0,0,dh&placePath=%3Fentry%253Dbmp"
보나브뉴베이커리,베이커리,"https://map.naver.com/v5/search/%EC%84%9C%EC%B4%88%EA%B5%AC%20%EC%9D%8C%EC%8B%9D%EC%A0%90/place/1315270548?c=14108296.7016664,4509483.4140430,10,0,0,0,dh&placePath=%3Fentry%253Dbmp"
참새방앗간,"카페,디저트","https://map.naver.com/v5/search/%EC%84%9C%EC%B4%88%EA%B5%AC%20%EC%9D%8C%EC%8B%9D%EC%A0%90/place/1649732226?c=14108296.7016664,4509483.4140430,10,0,0,0,dh&placePath=%3Fentry%253Dbmp"
소호정 본점,국수,"https://map.naver.com/v5/search/%EC%84%9C%EC%B4%88%EA%B5%AC%20%EC%9D%8C%EC%8B%9D%EC%A0%90/place/11720823?c=14108296.7016664,4509483.4140430,10,0,0,0,dh&placePath=%3Fentry%253Dbmp"
에떼,와인,"https://map.naver.com/v5/search/%EC%84%9C%EC%B4%88%EA%B5%AC%20%EC%9D%8C%EC%8B%9D%EC%A0%90/place/18255268?c=14108296.7016664,4509483.4140430,10,0,0,0,dh&placePath=%3Fentry%253Dbmp"
헬무트커피,"카페,디저트","https://map.naver.com/v5/search/%EC%84%9C%EC%B4%88%EA%B5%AC%20%EC%9D%8C%EC%8B%9D%EC%A0%90/place/1114089423?c=14108296.7016664,4509483.4140430,10,0,0,0,dh&placePath=%3Fentry%253Dbmp"
브루클린 더 버거조인트,햄버거,"https://map.naver.com/v5/search/%EC%84%9C%EC%B4%88%EA%B5%AC%20%EC%9D%8C%EC%8B%9D%EC%A0%90/place/37397540?c=14108296.7016664,4509483.4140430,10,0,0,0,dh&placePath=%3Fentry%253Dbmp"
빠스타,퓨전음식,"https://map.naver.com/v5/search/%EC%84%9C%EC%B4%88%EA%B5%AC%20%EC%9D%8C%EC%8B%9D%EC%A0%90/place/450428747?c=14108296.7016664,4509483.4140430,10,0,0,0,dh&placePath=%3Fentry%253Dbmp"
룰커피,"카페,디저트","https://map.naver.com/v5/search/%EC%84%9C%EC%B4%88%EA%B5%AC%20%EC%9D%8C%EC%8B%9D%EC%A0%90/place/1405820627?c=14105822.3699487,4506225.2413935,10,0,0,0,dh&placePath=%3Fentry%253Dbmp"
아그라 파스텔시티 사당점,인도음식,"https://map.naver.com/v5/search/%EC%84%9C%EC%B4%88%EA%B5%AC%20%EC%9D%8C%EC%8B%9D%EC%A0%90/place/1824807098?c=14105822.3699487,4506225.2413935,10,0,0,0,dh&placePath=%3Fentry%253Dbmp"
김명자굴국밥,국밥,"https://map.naver.com/v5/search/%EC%84%9C%EC%B4%88%EA%B5%AC%20%EC%9D%8C%EC%8B%9D%EC%A0%90/place/18320174?c=14105822.3699487,4506225.2413935,10,0,0,0,dh&placePath=%3Fentry%253Dbmp"
쿠차라 삼성서초사옥점,"멕시코,남미음식","https://map.naver.com/v5/search/%EC%84%9C%EC%B4%88%EA%B5%AC%20%EC%9D%8C%EC%8B%9D%EC%A0%90/place/1682924620?c=14105822.3699487,4506225.2413935,10,0,0,0,dh&placePath=%3Fentry%253Dbmp"
