restaurant,tag,url,review
중앙해장,해장국,"https://map.naver.com/v5/search/%EA%B0%95%EB%82%A8%EA%B5%AC%20%EB%8C%80%EC%B9%98%EB%8F%99%20%EC%9D%8C%EC%8B%9D%EC%A0%90/place/37703543?c=14141140.3151745,4510188.9868351,13,0,0,0,dh&placePath=%3Fentry%253Dbmp",4.42리뷰 999+
농민백암순대 본점,"순대,순댓국","https://map.naver.com/v5/search/%EA%B0%95%EB%82%A8%EA%B5%AC%20%EB%8C%80%EC%B9%98%EB%8F%99%20%EC%9D%8C%EC%8B%9D%EC%A0%90/place/13149768?c=14141140.3151745,4510188.9868351,13,0,0,0,dh&placePath=%3Fentry%253Dbmp",4.51리뷰 999+TV수요미식회
부타이 1막,일식당,"https://map.naver.com/v5/search/%EA%B0%95%EB%82%A8%EA%B5%AC%20%EB%8C%80%EC%B9%98%EB%8F%99%20%EC%9D%8C%EC%8B%9D%EC%A0%90/place/1144038812?c=14141140.3151745,4510188.9868351,13,0,0,0,dh&placePath=%3Fentry%253Dbmp",4.48리뷰 999+
오성식당,한식,"https://map.naver.com/v5/search/%EA%B0%95%EB%82%A8%EA%B5%AC%20%EB%8C%80%EC%B9%98%EB%8F%99%20%EC%9D%8C%EC%8B%9D%EC%A0%90/place/1348627097?c=14141140.3151745,4510188.9868351,13,0,0,0,dh&placePath=%3Fentry%253Dbmp",4.61리뷰 999+
뽕나무쟁이 선릉본점,"족발,보쌈","https://map.naver.com/v5/search/%EA%B0%95%EB%82%A8%EA%B5%AC%20%EB%8C%80%EC%B9%98%EB%8F%99%20%EC%9D%8C%EC%8B%9D%EC%A0%90/place/13468956?c=14141140.3151745,4510188.9868351,13,0,0,0,dh&placePath=%3Fentry%253Dbmp",4.42리뷰 999+TV생방송투데이
보노보노 삼성점,해산물뷔페,"https://map.naver.com/v5/search/%EA%B0%95%EB%82%A8%EA%B5%AC%20%EB%8C%80%EC%B9%98%EB%8F%99%20%EC%9D%8C%EC%8B%9D%EC%A0%90/place/11684863?c=14141140.3151745,4510188.9868351,13,0,0,0,dh&placePath=%3Fentry%253Dbmp",4.46리뷰 999+
신동궁감자탕 선릉직영점,감자탕,"https://map.naver.com/v5/search/%EA%B0%95%EB%82%A8%EA%B5%AC%20%EB%8C%80%EC%B9%98%EB%8F%99%20%EC%9D%8C%EC%8B%9D%EC%A0%90/place/18468954?c=14141140.3151745,4510188.9868351,13,0,0,0,dh&placePath=%3Fentry%253Dbmp",4.42리뷰 999+
스시소라 대치점,일식당,"https://map.naver.com/v5/search/%EA%B0%95%EB%82%A8%EA%B5%AC%20%EB%8C%80%EC%B9%98%EB%8F%99%20%EC%9D%8C%EC%8B%9D%EC%A0%90/place/832737607?c=14141140.3151745,4510188.9868351,13,0,0,0,dh&placePath=%3Fentry%253Dbmp",4.66리뷰 999+
숙성회장,일식당,"https://map.naver.com/v5/search/%EA%B0%95%EB%82%A8%EA%B5%AC%20%EB%8C%80%EC%B9%98%EB%8F%99%20%EC%9D%8C%EC%8B%9D%EC%A0%90/place/1459540460?c=14141140.3151745,4510188.9868351,13,0,0,0,dh&placePath=%3Fentry%253Dbmp",영업 전리뷰 101서울 강남구 대치동
청기와타운 선릉점,"육류,고기요리","https://map.naver.com/v5/search/%EA%B0%95%EB%82%A8%EA%B5%AC%20%EB%8C%80%EC%B9%98%EB%8F%99%20%EC%9D%8C%EC%8B%9D%EC%A0%90/place/1043463604?c=14141140.3151745,4510188.9868351,13,0,0,0,dh&placePath=%3Fentry%253Dbmp",영업 전리뷰 165서울 강남구 대치동
파크 하얏트 서울 코너스톤,이탈리아음식,"https://map.naver.com/v5/search/%EA%B0%95%EB%82%A8%EA%B5%AC%20%EB%8C%80%EC%B9%98%EB%8F%99%20%EC%9D%8C%EC%8B%9D%EC%A0%90/place/11678779?c=14139936.6731803,4509692.6350433,13,0,0,0,dh&placePath=%3Fentry%253Dbmp",4.44리뷰 999+
피양콩할마니,한식,"https://map.naver.com/v5/search/%EA%B0%95%EB%82%A8%EA%B5%AC%20%EB%8C%80%EC%B9%98%EB%8F%99%20%EC%9D%8C%EC%8B%9D%EC%A0%90/place/12017005?c=14139573.4710777,4509499.6211543,13,0,0,0,dh&placePath=%3Fentry%253Dbmp",4.19리뷰 999+미쉐린 서울 2023
만나분식,떡볶이,"https://map.naver.com/v5/search/%EA%B0%95%EB%82%A8%EA%B5%AC%20%EB%8C%80%EC%B9%98%EB%8F%99%20%EC%9D%8C%EC%8B%9D%EC%A0%90/place/13018228?c=14139573.4710777,4509499.6211543,13,0,0,0,dh&placePath=%3Fentry%253Dbmp",4.21리뷰 999+TV미운우리새끼
크라이치즈버거 삼성역점,햄버거,"https://map.naver.com/v5/search/%EA%B0%95%EB%82%A8%EA%B5%AC%20%EB%8C%80%EC%B9%98%EB%8F%99%20%EC%9D%8C%EC%8B%9D%EC%A0%90/place/587929920?c=14139573.4710777,4509499.6211543,13,0,0,0,dh&placePath=%3Fentry%253Dbmp",4.54리뷰 999+
르브런쉭 대치점,브런치,"https://map.naver.com/v5/search/%EA%B0%95%EB%82%A8%EA%B5%AC%20%EB%8C%80%EC%B9%98%EB%8F%99%20%EC%9D%8C%EC%8B%9D%EC%A0%90/place/1243805691?c=14139573.4710777,4509499.6211543,13,0,0,0,dh&placePath=%3Fentry%253Dbmp",4.38리뷰 999+
카토멘,일본식라면,"https://map.naver.com/v5/search/%EA%B0%95%EB%82%A8%EA%B5%AC%20%EB%8C%80%EC%B9%98%EB%8F%99%20%EC%9D%8C%EC%8B%9D%EC%A0%90/place/31986060?c=14139573.4710777,4509499.6211543,13,0,0,0,dh&placePath=%3Fentry%253Dbmp",4.46리뷰 999+TV생활의달인
테라로사 포스코센터점,카페,"https://map.naver.com/v5/search/%EA%B0%95%EB%82%A8%EA%B5%AC%20%EB%8C%80%EC%B9%98%EB%8F%99%20%EC%9D%8C%EC%8B%9D%EC%A0%90/place/1542149931?c=14141100.6854357,4510306.3319840,13,0,0,0,dh&placePath=%3Fentry%253Dbmp",4.49리뷰 999+
수다 대치점,이자카야,"https://map.naver.com/v5/search/%EA%B0%95%EB%82%A8%EA%B5%AC%20%EB%8C%80%EC%B9%98%EB%8F%99%20%EC%9D%8C%EC%8B%9D%EC%A0%90/place/1266872356?c=14141100.6854357,4510306.3319840,13,0,0,0,dh&placePath=%3Fentry%253Dbmp",4.61리뷰 999+
김태주 선산곱창 강남점,"곱창,막창,양","https://map.naver.com/v5/search/%EA%B0%95%EB%82%A8%EA%B5%AC%20%EB%8C%80%EC%B9%98%EB%8F%99%20%EC%9D%8C%EC%8B%9D%EC%A0%90/place/1267417958?c=14141100.6854357,4510306.3319840,13,0,0,0,dh&placePath=%3Fentry%253Dbmp",4.43리뷰 711
연타발 선릉점,"곱창,막창,양","https://map.naver.com/v5/search/%EA%B0%95%EB%82%A8%EA%B5%AC%20%EB%8C%80%EC%B9%98%EB%8F%99%20%EC%9D%8C%EC%8B%9D%EC%A0%90/place/35927543?c=14141100.6854357,4510306.3319840,13,0,0,0,dh&placePath=%3Fentry%253Dbmp",4.47리뷰 999+TV2TV저녁생생정보
껠끄쇼즈,"카페,디저트","https://map.naver.com/v5/search/%EA%B0%95%EB%82%A8%EA%B5%AC%20%EB%8C%80%EC%B9%98%EB%8F%99%20%EC%9D%8C%EC%8B%9D%EC%A0%90/place/672327315?c=14139716.6613387,4509595.7978959,13,0,0,0,dh&placePath=%3Fentry%253Dbmp",4.57리뷰 999+
오징어풍경,한식,"https://map.naver.com/v5/search/%EA%B0%95%EB%82%A8%EA%B5%AC%20%EB%8C%80%EC%B9%98%EB%8F%99%20%EC%9D%8C%EC%8B%9D%EC%A0%90/place/38407687?c=14139716.6613387,4509595.7978959,13,0,0,0,dh&placePath=%3Fentry%253Dbmp",4.34리뷰 999+
나인오어,와인,"https://map.naver.com/v5/search/%EA%B0%95%EB%82%A8%EA%B5%AC%20%EB%8C%80%EC%B9%98%EB%8F%99%20%EC%9D%8C%EC%8B%9D%EC%A0%90/place/1032309906?c=14139716.6613387,4509595.7978959,13,0,0,0,dh&placePath=%3Fentry%253Dbmp",영업 전리뷰 49서울 강남구 대치동
그란구스또,이탈리아음식,"https://map.naver.com/v5/search/%EA%B0%95%EB%82%A8%EA%B5%AC%20%EB%8C%80%EC%B9%98%EB%8F%99%20%EC%9D%8C%EC%8B%9D%EC%A0%90/place/11568670?c=14139716.6613387,4509595.7978959,13,0,0,0,dh&placePath=%3Fentry%253Dbmp",4.56리뷰 999+TV굿모닝대한민국
반룡산,이북음식,"https://map.naver.com/v5/search/%EA%B0%95%EB%82%A8%EA%B5%AC%20%EB%8C%80%EC%B9%98%EB%8F%99%20%EC%9D%8C%EC%8B%9D%EC%A0%90/place/12053368?c=14139716.6613387,4509595.7978959,13,0,0,0,dh&placePath=%3Fentry%253Dbmp",4.3리뷰 999+TV모닝와이드
후레쉬빌 삼성역본점,돈가스,"https://map.naver.com/v5/search/%EA%B0%95%EB%82%A8%EA%B5%AC%20%EB%8C%80%EC%B9%98%EB%8F%99%20%EC%9D%8C%EC%8B%9D%EC%A0%90/place/37397766?c=14141126.6006132,4510152.2343017,13,0,0,0,dh&placePath=%3Fentry%253Dbmp",4.67리뷰 999+TV생방송투데이
연더그레이,요리주점,"https://map.naver.com/v5/search/%EA%B0%95%EB%82%A8%EA%B5%AC%20%EB%8C%80%EC%B9%98%EB%8F%99%20%EC%9D%8C%EC%8B%9D%EC%A0%90/place/1853318526?c=14141126.6006132,4510152.2343017,13,0,0,0,dh&placePath=%3Fentry%253Dbmp",영업 전리뷰 601생일파티 하기좋은 강남 선릉역 술집
몽중헌 대치점,중식당,"https://map.naver.com/v5/search/%EA%B0%95%EB%82%A8%EA%B5%AC%20%EB%8C%80%EC%B9%98%EB%8F%99%20%EC%9D%8C%EC%8B%9D%EC%A0%90/place/1894081090?c=14141126.6006132,4510152.2343017,13,0,0,0,dh&placePath=%3Fentry%253Dbmp",4.42리뷰 870
더피자스탠드,피자,"https://map.naver.com/v5/search/%EA%B0%95%EB%82%A8%EA%B5%AC%20%EB%8C%80%EC%B9%98%EB%8F%99%20%EC%9D%8C%EC%8B%9D%EC%A0%90/place/1911951171?c=14141126.6006132,4510152.2343017,13,0,0,0,dh&placePath=%3Fentry%253Dbmp",4.68리뷰 625
진대감 선릉점,소고기구이,"https://map.naver.com/v5/search/%EA%B0%95%EB%82%A8%EA%B5%AC%20%EB%8C%80%EC%B9%98%EB%8F%99%20%EC%9D%8C%EC%8B%9D%EC%A0%90/place/34590424?c=14141126.6006132,4510152.2343017,13,0,0,0,dh&placePath=%3Fentry%253Dbmp",4.58리뷰 999+TV맛있는녀석들
가츠오 대치점,돈가스,"https://map.naver.com/v5/search/%EA%B0%95%EB%82%A8%EA%B5%AC%20%EB%8C%80%EC%B9%98%EB%8F%99%20%EC%9D%8C%EC%8B%9D%EC%A0%90/place/1736425432?c=14141126.6006132,4510152.2343017,13,0,0,0,dh&placePath=%3Fentry%253Dbmp",4.71리뷰 722
마담밍,중식당,"https://map.naver.com/v5/search/%EA%B0%95%EB%82%A8%EA%B5%AC%20%EB%8C%80%EC%B9%98%EB%8F%99%20%EC%9D%8C%EC%8B%9D%EC%A0%90/place/11707122?c=14141126.6006132,4510152.2343017,13,0,0,0,dh&placePath=%3Fentry%253Dbmp",4.47리뷰 999+TV맛있는녀석들
후지,일식당,"https://map.naver.com/v5/search/%EA%B0%95%EB%82%A8%EA%B5%AC%20%EB%8C%80%EC%B9%98%EB%8F%99%20%EC%9D%8C%EC%8B%9D%EC%A0%90/place/13451874?c=14141126.6006132,4510152.2343017,13,0,0,0,dh&placePath=%3Fentry%253Dbmp",4.69리뷰 798
하프컷,양식,"https://map.naver.com/v5/search/%EA%B0%95%EB%82%A8%EA%B5%AC%20%EB%8C%80%EC%B9%98%EB%8F%99%20%EC%9D%8C%EC%8B%9D%EC%A0%90/place/1685636292?c=14141126.6006132,4510152.2343017,13,0,0,0,dh&placePath=%3Fentry%253Dbmp",4.91리뷰 236
베카프리미엄델리샵,샌드위치,"https://map.naver.com/v5/search/%EA%B0%95%EB%82%A8%EA%B5%AC%20%EB%8C%80%EC%B9%98%EB%8F%99%20%EC%9D%8C%EC%8B%9D%EC%A0%90/place/1365449010?c=14141126.6006132,4510152.2343017,13,0,0,0,dh&placePath=%3Fentry%253Dbmp",4.71리뷰 176
LE SOL,양식,"https://map.naver.com/v5/search/%EA%B0%95%EB%82%A8%EA%B5%AC%20%EB%8C%80%EC%B9%98%EB%8F%99%20%EC%9D%8C%EC%8B%9D%EC%A0%90/place/1721459325?c=14140046.8572123,4509457.2161075,13,0,0,0,dh&placePath=%3Fentry%253Dbmp",영업 전리뷰 42서울 강남구 대치동
미쓰양꼬치,양꼬치,"https://map.naver.com/v5/search/%EA%B0%95%EB%82%A8%EA%B5%AC%20%EB%8C%80%EC%B9%98%EB%8F%99%20%EC%9D%8C%EC%8B%9D%EC%A0%90/place/34550276?c=14140046.8572123,4509457.2161075,13,0,0,0,dh&placePath=%3Fentry%253Dbmp",4.5리뷰 999+TV수요미식회
셀러브리티 버거,햄버거,"https://map.naver.com/v5/search/%EA%B0%95%EB%82%A8%EA%B5%AC%20%EB%8C%80%EC%B9%98%EB%8F%99%20%EC%9D%8C%EC%8B%9D%EC%A0%90/place/1708365118?c=14140046.8572123,4509457.2161075,13,0,0,0,dh&placePath=%3Fentry%253Dbmp",4.65리뷰 999+
빕스 도곡역점,패밀리레스토랑,"https://map.naver.com/v5/search/%EA%B0%95%EB%82%A8%EA%B5%AC%20%EB%8C%80%EC%B9%98%EB%8F%99%20%EC%9D%8C%EC%8B%9D%EC%A0%90/place/11735695?c=14140046.8572123,4509457.2161075,13,0,0,0,dh&placePath=%3Fentry%253Dbmp",영업 중리뷰 999+신메뉴 넘쳐나는 빕스도곡점
크리스피크림도넛 대치점,도넛,"https://map.naver.com/v5/search/%EA%B0%95%EB%82%A8%EA%B5%AC%20%EB%8C%80%EC%B9%98%EB%8F%99%20%EC%9D%8C%EC%8B%9D%EC%A0%90/place/11730527?c=14140046.8572123,4509457.2161075,13,0,0,0,dh&placePath=%3Fentry%253Dbmp",4.43리뷰 999+
플라넌,일식당,"https://map.naver.com/v5/search/%EA%B0%95%EB%82%A8%EA%B5%AC%20%EB%8C%80%EC%B9%98%EB%8F%99%20%EC%9D%8C%EC%8B%9D%EC%A0%90/place/1281740851?c=14140046.8572123,4509457.2161075,13,0,0,0,dh&placePath=%3Fentry%253Dbmp",4.71리뷰 414
센도수산,이자카야,"https://map.naver.com/v5/search/%EA%B0%95%EB%82%A8%EA%B5%AC%20%EB%8C%80%EC%B9%98%EB%8F%99%20%EC%9D%8C%EC%8B%9D%EC%A0%90/place/421637529?c=14140046.8572123,4509457.2161075,13,0,0,0,dh&placePath=%3Fentry%253Dbmp",4.66리뷰 874
아웃백스테이크하우스 도곡점,패밀리레스토랑,"https://map.naver.com/v5/search/%EA%B0%95%EB%82%A8%EA%B5%AC%20%EB%8C%80%EC%B9%98%EB%8F%99%20%EC%9D%8C%EC%8B%9D%EC%A0%90/place/11683254?c=14140590.2076468,4508822.2694682,13,0,0,0,dh&placePath=%3Fentry%253Dbmp",4.43리뷰 999+
파이하우스,"카페,디저트","https://map.naver.com/v5/search/%EA%B0%95%EB%82%A8%EA%B5%AC%20%EB%8C%80%EC%B9%98%EB%8F%99%20%EC%9D%8C%EC%8B%9D%EC%A0%90/place/36166424?c=14140590.2076468,4508822.2694682,13,0,0,0,dh&placePath=%3Fentry%253Dbmp",4.6리뷰 455
알로이타이,태국음식,"https://map.naver.com/v5/search/%EA%B0%95%EB%82%A8%EA%B5%AC%20%EB%8C%80%EC%B9%98%EB%8F%99%20%EC%9D%8C%EC%8B%9D%EC%A0%90/place/36648833?c=14140590.2076468,4508822.2694682,13,0,0,0,dh&placePath=%3Fentry%253Dbmp",4.49리뷰 646
나따오비까 대치점,"카페,디저트","https://map.naver.com/v5/search/%EA%B0%95%EB%82%A8%EA%B5%AC%20%EB%8C%80%EC%B9%98%EB%8F%99%20%EC%9D%8C%EC%8B%9D%EC%A0%90/place/237156960?c=14140590.2076468,4508822.2694682,13,0,0,0,dh&placePath=%3Fentry%253Dbmp",4.52리뷰 872
하이보,중식당,"https://map.naver.com/v5/search/%EA%B0%95%EB%82%A8%EA%B5%AC%20%EB%8C%80%EC%B9%98%EB%8F%99%20%EC%9D%8C%EC%8B%9D%EC%A0%90/place/37157332?c=14140590.2076468,4508822.2694682,13,0,0,0,dh&placePath=%3Fentry%253Dbmp",4.22리뷰 792TV생방송오늘저녁
와려,일식당,"https://map.naver.com/v5/search/%EA%B0%95%EB%82%A8%EA%B5%AC%20%EB%8C%80%EC%B9%98%EB%8F%99%20%EC%9D%8C%EC%8B%9D%EC%A0%90/place/1249521238?c=14139504.3194100,4509540.7775071,13,0,0,0,dh&placePath=%3Fentry%253Dbmp",4.59리뷰 291
용용선생 선릉점,요리주점,"https://map.naver.com/v5/search/%EA%B0%95%EB%82%A8%EA%B5%AC%20%EB%8C%80%EC%B9%98%EB%8F%99%20%EC%9D%8C%EC%8B%9D%EC%A0%90/place/1024266010?c=14139504.3194100,4509540.7775071,13,0,0,0,dh&placePath=%3Fentry%253Dbmp",영업 전리뷰 609서울 강남구 대치동
뚝심한우 선릉역점,소고기구이,"https://map.naver.com/v5/search/%EA%B0%95%EB%82%A8%EA%B5%AC%20%EB%8C%80%EC%B9%98%EB%8F%99%20%EC%9D%8C%EC%8B%9D%EC%A0%90/place/329109717?c=14140837.8712499,4509950.5958352,13,0,0,0,dh&placePath=%3Fentry%253Dbmp",4.44리뷰 936
파리크라상 삼성역키친점,베이커리,"https://map.naver.com/v5/search/%EA%B0%95%EB%82%A8%EA%B5%AC%20%EB%8C%80%EC%B9%98%EB%8F%99%20%EC%9D%8C%EC%8B%9D%EC%A0%90/place/37435002?c=14137017.8427358,4510182.8964866,12,0,0,0,dh&placePath=%3Fentry%253Dbmp",4.44리뷰 999+
동보성 강남점,중식당,"https://map.naver.com/v5/search/%EA%B0%95%EB%82%A8%EA%B5%AC%20%EB%8C%80%EC%B9%98%EB%8F%99%20%EC%9D%8C%EC%8B%9D%EC%A0%90/place/1536716586?c=14137017.8427358,4510182.8964866,12,0,0,0,dh&placePath=%3Fentry%253Dbmp",4.55리뷰 630
신도세기 삼성역점,돼지고기구이,"https://map.naver.com/v5/search/%EA%B0%95%EB%82%A8%EA%B5%AC%20%EB%8C%80%EC%B9%98%EB%8F%99%20%EC%9D%8C%EC%8B%9D%EC%A0%90/place/1469678662?c=14137017.8427358,4510182.8964866,12,0,0,0,dh&placePath=%3Fentry%253Dbmp",4.33리뷰 999+
전라도죽집,죽,"https://map.naver.com/v5/search/%EA%B0%95%EB%82%A8%EA%B5%AC%20%EB%8C%80%EC%B9%98%EB%8F%99%20%EC%9D%8C%EC%8B%9D%EC%A0%90/place/38337748?c=14135661.7486990,4509655.2387630,12,0,0,0,dh&placePath=%3Fentry%253Dbmp",4.35리뷰 769
명정루 선릉본점,중식당,"https://map.naver.com/v5/search/%EA%B0%95%EB%82%A8%EA%B5%AC%20%EB%8C%80%EC%B9%98%EB%8F%99%20%EC%9D%8C%EC%8B%9D%EC%A0%90/place/1542291051?c=14135661.7486990,4509655.2387630,12,0,0,0,dh&placePath=%3Fentry%253Dbmp",4.75리뷰 521TV맛있는녀석들
옐로트렁크,햄버거,"https://map.naver.com/v5/search/%EA%B0%95%EB%82%A8%EA%B5%AC%20%EB%8C%80%EC%B9%98%EB%8F%99%20%EC%9D%8C%EC%8B%9D%EC%A0%90/place/1194619995?c=14137173.4339881,4508397.9875534,12,0,0,0,dh&placePath=%3Fentry%253Dbmp",4.71리뷰 344
돈그리아,한식,"https://map.naver.com/v5/search/%EA%B0%95%EB%82%A8%EA%B5%AC%20%EB%8C%80%EC%B9%98%EB%8F%99%20%EC%9D%8C%EC%8B%9D%EC%A0%90/place/20685143?c=14137173.4339881,4508397.9875534,12,0,0,0,dh&placePath=%3Fentry%253Dbmp",4.56리뷰 770
록스플레이트,일식당,"https://map.naver.com/v5/search/%EA%B0%95%EB%82%A8%EA%B5%AC%20%EB%8C%80%EC%B9%98%EB%8F%99%20%EC%9D%8C%EC%8B%9D%EC%A0%90/place/19536440?c=14136689.9066479,4509976.9914635,12,0,0,0,dh&placePath=%3Fentry%253Dbmp",4.47리뷰 488
바스버거 선릉점,햄버거,"https://map.naver.com/v5/search/%EA%B0%95%EB%82%A8%EA%B5%AC%20%EB%8C%80%EC%B9%98%EB%8F%99%20%EC%9D%8C%EC%8B%9D%EC%A0%90/place/1797866713?c=14136689.9066479,4509976.9914635,12,0,0,0,dh&placePath=%3Fentry%253Dbmp",4.48리뷰 999+
창고43 삼성점,소고기구이,"https://map.naver.com/v5/search/%EA%B0%95%EB%82%A8%EA%B5%AC%20%EB%8C%80%EC%B9%98%EB%8F%99%20%EC%9D%8C%EC%8B%9D%EC%A0%90/place/693876659?c=14136689.9066479,4509976.9914635,12,0,0,0,dh&placePath=%3Fentry%253Dbmp",4.45리뷰 999+
백소정 선릉점,일식당,"https://map.naver.com/v5/search/%EA%B0%95%EB%82%A8%EA%B5%AC%20%EB%8C%80%EC%B9%98%EB%8F%99%20%EC%9D%8C%EC%8B%9D%EC%A0%90/place/1872606478?c=14136689.9066479,4509976.9914635,12,0,0,0,dh&placePath=%3Fentry%253Dbmp",영업 중리뷰 678서울 강남구 대치동
이자카야나무 대치점,이자카야,"https://map.naver.com/v5/search/%EA%B0%95%EB%82%A8%EA%B5%AC%20%EB%8C%80%EC%B9%98%EB%8F%99%20%EC%9D%8C%EC%8B%9D%EC%A0%90/place/233575261?c=14136689.9066479,4509976.9914635,12,0,0,0,dh&placePath=%3Fentry%253Dbmp",4.41리뷰 794
마포선장 대치직영점,"해물,생선요리","https://map.naver.com/v5/search/%EA%B0%95%EB%82%A8%EA%B5%AC%20%EB%8C%80%EC%B9%98%EB%8F%99%20%EC%9D%8C%EC%8B%9D%EC%A0%90/place/1260741030?c=14136689.9066479,4509976.9914635,12,0,0,0,dh&placePath=%3Fentry%253Dbmp",4.83리뷰 364
파이어벨 대치본점,햄버거,"https://map.naver.com/v5/search/%EA%B0%95%EB%82%A8%EA%B5%AC%20%EB%8C%80%EC%B9%98%EB%8F%99%20%EC%9D%8C%EC%8B%9D%EC%A0%90/place/35150126?c=14136689.9066479,4509976.9914635,12,0,0,0,dh&placePath=%3Fentry%253Dbmp",4.43리뷰 999+TV수요미식회
마이위스키테이블,바(BAR),"https://map.naver.com/v5/search/%EA%B0%95%EB%82%A8%EA%B5%AC%20%EB%8C%80%EC%B9%98%EB%8F%99%20%EC%9D%8C%EC%8B%9D%EC%A0%90/place/1561664368?c=14135979.3432062,4509609.1987230,12,0,0,0,dh&placePath=%3Fentry%253Dbmp",4.56리뷰 107
최가네버섯샤브매운탕칼국수 대치점,샤브샤브,"https://map.naver.com/v5/search/%EA%B0%95%EB%82%A8%EA%B5%AC%20%EB%8C%80%EC%B9%98%EB%8F%99%20%EC%9D%8C%EC%8B%9D%EC%A0%90/place/18577418?c=14135979.3432062,4509609.1987230,12,0,0,0,dh&placePath=%3Fentry%253Dbmp",4.54리뷰 834
작은동경 본점,일식당,"https://map.naver.com/v5/search/%EA%B0%95%EB%82%A8%EA%B5%AC%20%EB%8C%80%EC%B9%98%EB%8F%99%20%EC%9D%8C%EC%8B%9D%EC%A0%90/place/1185210365?c=14136585.5112294,4509877.1346679,12,0,0,0,dh&placePath=%3Fentry%253Dbmp",영업 중리뷰 225서울 강남구 대치동
국고집,"육류,고기요리","https://map.naver.com/v5/search/%EA%B0%95%EB%82%A8%EA%B5%AC%20%EB%8C%80%EC%B9%98%EB%8F%99%20%EC%9D%8C%EC%8B%9D%EC%A0%90/place/1135125794?c=14136585.5112294,4509877.1346679,12,0,0,0,dh&placePath=%3Fentry%253Dbmp",4.5리뷰 767
스시아오마츠,일식당,"https://map.naver.com/v5/search/%EA%B0%95%EB%82%A8%EA%B5%AC%20%EB%8C%80%EC%B9%98%EB%8F%99%20%EC%9D%8C%EC%8B%9D%EC%A0%90/place/1051920261?c=14136585.5112294,4509877.1346679,12,0,0,0,dh&placePath=%3Fentry%253Dbmp",영업 전리뷰 158서울 강남구 대치동
평상술집,한식,"https://map.naver.com/v5/search/%EA%B0%95%EB%82%A8%EA%B5%AC%20%EB%8C%80%EC%B9%98%EB%8F%99%20%EC%9D%8C%EC%8B%9D%EC%A0%90/place/1745643845?c=14136585.5112294,4509877.1346679,12,0,0,0,dh&placePath=%3Fentry%253Dbmp",4.9리뷰 342
할매재첩국 대치점,한식,"https://map.naver.com/v5/search/%EA%B0%95%EB%82%A8%EA%B5%AC%20%EB%8C%80%EC%B9%98%EB%8F%99%20%EC%9D%8C%EC%8B%9D%EC%A0%90/place/11875250?c=14135928.7484976,4509548.3689284,12,0,0,0,dh&placePath=%3Fentry%253Dbmp",4.43리뷰 962
한성양꼬치 선릉2호점,양꼬치,"https://map.naver.com/v5/search/%EA%B0%95%EB%82%A8%EA%B5%AC%20%EB%8C%80%EC%B9%98%EB%8F%99%20%EC%9D%8C%EC%8B%9D%EC%A0%90/place/1537330706?c=14135928.7484976,4509548.3689284,12,0,0,0,dh&placePath=%3Fentry%253Dbmp",4.73리뷰 909
김영모과자점 대치점,베이커리,"https://map.naver.com/v5/search/%EA%B0%95%EB%82%A8%EA%B5%AC%20%EB%8C%80%EC%B9%98%EB%8F%99%20%EC%9D%8C%EC%8B%9D%EC%A0%90/place/37871358?c=14136874.5968151,4508992.8064822,12,0,0,0,dh&placePath=%3Fentry%253Dbmp",4.46리뷰 999+
한강로칼국수 선릉점,"칼국수,만두","https://map.naver.com/v5/search/%EA%B0%95%EB%82%A8%EA%B5%AC%20%EB%8C%80%EC%B9%98%EB%8F%99%20%EC%9D%8C%EC%8B%9D%EC%A0%90/place/1662585623?c=14136874.5968151,4508992.8064822,12,0,0,0,dh&placePath=%3Fentry%253Dbmp",영업 중리뷰 313서울 강남구 대치동
홍운장,중식당,"https://map.naver.com/v5/search/%EA%B0%95%EB%82%A8%EA%B5%AC%20%EB%8C%80%EC%B9%98%EB%8F%99%20%EC%9D%8C%EC%8B%9D%EC%A0%90/place/13371770?c=14136862.5186503,4508135.0701920,12,0,0,0,dh&placePath=%3Fentry%253Dbmp",4.32리뷰 435
정통마라탕마포마라회관 선릉점,중식당,"https://map.naver.com/v5/search/%EA%B0%95%EB%82%A8%EA%B5%AC%20%EB%8C%80%EC%B9%98%EB%8F%99%20%EC%9D%8C%EC%8B%9D%EC%A0%90/place/1062951482?c=14136862.5186503,4508135.0701920,12,0,0,0,dh&placePath=%3Fentry%253Dbmp",영업 중리뷰 205서울 강남구 대치동
파크하얏트서울 더팀버하우스,바(BAR),"https://map.naver.com/v5/search/%EA%B0%95%EB%82%A8%EA%B5%AC%20%EB%8C%80%EC%B9%98%EB%8F%99%20%EC%9D%8C%EC%8B%9D%EC%A0%90/place/13411432?c=14136862.5186503,4508135.0701920,12,0,0,0,dh&placePath=%3Fentry%253Dbmp",4.43리뷰 424
남영동양문 선릉직영점,"육류,고기요리","https://map.naver.com/v5/search/%EA%B0%95%EB%82%A8%EA%B5%AC%20%EB%8C%80%EC%B9%98%EB%8F%99%20%EC%9D%8C%EC%8B%9D%EC%A0%90/place/1535687353?c=14136862.5186503,4508135.0701920,12,0,0,0,dh&placePath=%3Fentry%253Dbmp",영업 전리뷰 116서울 강남구 대치동
해담채 삼성점,한정식,"https://map.naver.com/v5/search/%EA%B0%95%EB%82%A8%EA%B5%AC%20%EB%8C%80%EC%B9%98%EB%8F%99%20%EC%9D%8C%EC%8B%9D%EC%A0%90/place/1074578232?c=14135922.7929049,4509544.5802332,12,0,0,0,dh&placePath=%3Fentry%253Dbmp",4.43리뷰 999+
춘이네닭도리탕,닭볶음탕,"https://map.naver.com/v5/search/%EA%B0%95%EB%82%A8%EA%B5%AC%20%EB%8C%80%EC%B9%98%EB%8F%99%20%EC%9D%8C%EC%8B%9D%EC%A0%90/place/37870679?c=14135955.6098908,4509274.8286538,12,0,0,0,dh&placePath=%3Fentry%253Dbmp",4.46리뷰 280TV맛있는녀석들
참치공방 선릉점,생선회,"https://map.naver.com/v5/search/%EA%B0%95%EB%82%A8%EA%B5%AC%20%EB%8C%80%EC%B9%98%EB%8F%99%20%EC%9D%8C%EC%8B%9D%EC%A0%90/place/1351749376?c=14135955.6098908,4509274.8286538,12,0,0,0,dh&placePath=%3Fentry%253Dbmp",4.4리뷰 524
프란츠카프카바베큐,양식,"https://map.naver.com/v5/search/%EA%B0%95%EB%82%A8%EA%B5%AC%20%EB%8C%80%EC%B9%98%EB%8F%99%20%EC%9D%8C%EC%8B%9D%EC%A0%90/place/1897898125?c=14135955.6098908,4509274.8286538,12,0,0,0,dh&placePath=%3Fentry%253Dbmp",영업 중리뷰 131서울 강남구 대치동
삼성골목집 삼성본점,"육류,고기요리","https://map.naver.com/v5/search/%EA%B0%95%EB%82%A8%EA%B5%AC%20%EB%8C%80%EC%B9%98%EB%8F%99%20%EC%9D%8C%EC%8B%9D%EC%A0%90/place/1416884407?c=14135919.2306812,4509370.0631898,12,0,0,0,dh&placePath=%3Fentry%253Dbmp",4.3리뷰 357TV줄서는식당
아선재,한정식,"https://map.naver.com/v5/search/%EA%B0%95%EB%82%A8%EA%B5%AC%20%EB%8C%80%EC%B9%98%EB%8F%99%20%EC%9D%8C%EC%8B%9D%EC%A0%90/place/1857978684?c=14136768.9100905,4508119.6087968,12,0,0,0,dh&placePath=%3Fentry%253Dbmp",4.21리뷰 349
사월에보리밥 대치점,보리밥,"https://map.naver.com/v5/search/%EA%B0%95%EB%82%A8%EA%B5%AC%20%EB%8C%80%EC%B9%98%EB%8F%99%20%EC%9D%8C%EC%8B%9D%EC%A0%90/place/11729557?c=14136768.9100905,4508119.6087968,12,0,0,0,dh&placePath=%3Fentry%253Dbmp",4.42리뷰 862TV생생정보통
우리집만두 선릉본점,만두,"https://map.naver.com/v5/search/%EA%B0%95%EB%82%A8%EA%B5%AC%20%EB%8C%80%EC%B9%98%EB%8F%99%20%EC%9D%8C%EC%8B%9D%EC%A0%90/place/18576718?c=14136768.9100905,4508119.6087968,12,0,0,0,dh&placePath=%3Fentry%253Dbmp",4.34리뷰 999+TVVJ특공대
오레노카츠 선릉점,돈가스,"https://map.naver.com/v5/search/%EA%B0%95%EB%82%A8%EA%B5%AC%20%EB%8C%80%EC%B9%98%EB%8F%99%20%EC%9D%8C%EC%8B%9D%EC%A0%90/place/525494782?c=14136768.9100905,4508119.6087968,12,0,0,0,dh&placePath=%3Fentry%253Dbmp",4.47리뷰 823
산월수제비,한식,"https://map.naver.com/v5/search/%EA%B0%95%EB%82%A8%EA%B5%AC%20%EB%8C%80%EC%B9%98%EB%8F%99%20%EC%9D%8C%EC%8B%9D%EC%A0%90/place/11885058?c=14136615.2891932,4507997.8405847,12,0,0,0,dh&placePath=%3Fentry%253Dbmp",3.98리뷰 577
마초야,"우동,소바","https://map.naver.com/v5/search/%EA%B0%95%EB%82%A8%EA%B5%AC%20%EB%8C%80%EC%B9%98%EB%8F%99%20%EC%9D%8C%EC%8B%9D%EC%A0%90/place/37436116?c=14136615.2891932,4507997.8405847,12,0,0,0,dh&placePath=%3Fentry%253Dbmp",4.46리뷰 923TV생방송오늘저녁
참치공간,일식당,"https://map.naver.com/v5/search/%EA%B0%95%EB%82%A8%EA%B5%AC%20%EB%8C%80%EC%B9%98%EB%8F%99%20%EC%9D%8C%EC%8B%9D%EC%A0%90/place/1535103337?c=14137207.8985025,4508375.4402965,12,0,0,0,dh&placePath=%3Fentry%253Dbmp",4.78리뷰 213
대찬횟집 선릉직영점,생선회,"https://map.naver.com/v5/search/%EA%B0%95%EB%82%A8%EA%B5%AC%20%EB%8C%80%EC%B9%98%EB%8F%99%20%EC%9D%8C%EC%8B%9D%EC%A0%90/place/1027446540?c=14136027.8339764,4509014.7657449,12,0,0,0,dh&placePath=%3Fentry%253Dbmp",4.38리뷰 524
도쿄등심 선릉점,소고기구이,"https://map.naver.com/v5/search/%EA%B0%95%EB%82%A8%EA%B5%AC%20%EB%8C%80%EC%B9%98%EB%8F%99%20%EC%9D%8C%EC%8B%9D%EC%A0%90/place/1090319859?c=14136027.8339764,4509014.7657449,12,0,0,0,dh&placePath=%3Fentry%253Dbmp",영업 전리뷰 999+서울 강남구 대치동
달래해장 선릉점,한식,"https://map.naver.com/v5/search/%EA%B0%95%EB%82%A8%EA%B5%AC%20%EB%8C%80%EC%B9%98%EB%8F%99%20%EC%9D%8C%EC%8B%9D%EC%A0%90/place/1113903983?c=14136027.8339764,4509014.7657449,12,0,0,0,dh&placePath=%3Fentry%253Dbmp",영업 중리뷰 221서울 강남구 대치동
60년전통신촌황소곱창 선릉직영점,"곱창,막창,양","https://map.naver.com/v5/search/%EA%B0%95%EB%82%A8%EA%B5%AC%20%EB%8C%80%EC%B9%98%EB%8F%99%20%EC%9D%8C%EC%8B%9D%EC%A0%90/place/35337611?c=14136027.8339764,4509014.7657449,12,0,0,0,dh&placePath=%3Fentry%253Dbmp",4.27리뷰 999+
나폴레옹제과점 대치점,베이커리,"https://map.naver.com/v5/search/%EA%B0%95%EB%82%A8%EA%B5%AC%20%EB%8C%80%EC%B9%98%EB%8F%99%20%EC%9D%8C%EC%8B%9D%EC%A0%90/place/12851793?c=14136276.0764409,4509742.0853389,12,0,0,0,dh&placePath=%3Fentry%253Dbmp",4.3리뷰 999+
훈이자카야,이자카야,"https://map.naver.com/v5/search/%EA%B0%95%EB%82%A8%EA%B5%AC%20%EB%8C%80%EC%B9%98%EB%8F%99%20%EC%9D%8C%EC%8B%9D%EC%A0%90/place/1995313589?c=14135951.5244655,4509553.7572974,12,0,0,0,dh&placePath=%3Fentry%253Dbmp",4.51리뷰 367
훅트포케 선릉점,퓨전음식,"https://map.naver.com/v5/search/%EA%B0%95%EB%82%A8%EA%B5%AC%20%EB%8C%80%EC%B9%98%EB%8F%99%20%EC%9D%8C%EC%8B%9D%EC%A0%90/place/1887038600?c=14135951.5244655,4509553.7572974,12,0,0,0,dh&placePath=%3Fentry%253Dbmp",4.48리뷰 478
스시미,"초밥,롤","https://map.naver.com/v5/search/%EA%B0%95%EB%82%A8%EA%B5%AC%20%EB%8C%80%EC%B9%98%EB%8F%99%20%EC%9D%8C%EC%8B%9D%EC%A0%90/place/1083362343?c=14135951.5244655,4509553.7572974,12,0,0,0,dh&placePath=%3Fentry%253Dbmp",영업 전리뷰 95서울 강남구 대치동
단초식당 선릉점,한식,"https://map.naver.com/v5/search/%EA%B0%95%EB%82%A8%EA%B5%AC%20%EB%8C%80%EC%B9%98%EB%8F%99%20%EC%9D%8C%EC%8B%9D%EC%A0%90/place/1990657993?c=14135951.5244655,4509553.7572974,12,0,0,0,dh&placePath=%3Fentry%253Dbmp",4.63리뷰 322TV줄서는식당
담미온 강남경찰서점,국밥,"https://map.naver.com/v5/search/%EA%B0%95%EB%82%A8%EA%B5%AC%20%EB%8C%80%EC%B9%98%EB%8F%99%20%EC%9D%8C%EC%8B%9D%EC%A0%90/place/1927509432?c=14135951.5244655,4509553.7572974,12,0,0,0,dh&placePath=%3Fentry%253Dbmp",4.32리뷰 585
한티옥,한식,"https://map.naver.com/v5/search/%EA%B0%95%EB%82%A8%EA%B5%AC%20%EB%8C%80%EC%B9%98%EB%8F%99%20%EC%9D%8C%EC%8B%9D%EC%A0%90/place/18466341?c=14136380.0043175,4508619.1552838,12,0,0,0,dh&placePath=%3Fentry%253Dbmp",4.38리뷰 934TV생방송투데이
부통김밥 대치점,종합분식,"https://map.naver.com/v5/search/%EA%B0%95%EB%82%A8%EA%B5%AC%20%EB%8C%80%EC%B9%98%EB%8F%99%20%EC%9D%8C%EC%8B%9D%EC%A0%90/place/1910566285?c=14136380.0043175,4508619.1552838,12,0,0,0,dh&placePath=%3Fentry%253Dbmp",영업 중리뷰 333서울 강남구 대치동
초록밭,"다이어트,샐러드","https://map.naver.com/v5/search/%EA%B0%95%EB%82%A8%EA%B5%AC%20%EB%8C%80%EC%B9%98%EB%8F%99%20%EC%9D%8C%EC%8B%9D%EC%A0%90/place/1629970353?c=14136380.0043175,4508619.1552838,12,0,0,0,dh&placePath=%3Fentry%253Dbmp",4.96리뷰 294
고운님,한식,"https://map.naver.com/v5/search/%EA%B0%95%EB%82%A8%EA%B5%AC%20%EB%8C%80%EC%B9%98%EB%8F%99%20%EC%9D%8C%EC%8B%9D%EC%A0%90/place/19792920?c=14136380.0043175,4508619.1552838,12,0,0,0,dh&placePath=%3Fentry%253Dbmp",4.38리뷰 516TV생방송투데이
대치정육식당,정육식당,"https://map.naver.com/v5/search/%EA%B0%95%EB%82%A8%EA%B5%AC%20%EB%8C%80%EC%B9%98%EB%8F%99%20%EC%9D%8C%EC%8B%9D%EC%A0%90/place/11847175?c=14136380.0043175,4508619.1552838,12,0,0,0,dh&placePath=%3Fentry%253Dbmp",4.59리뷰 292TV수요미식회
몰타참치,생선회,"https://map.naver.com/v5/search/%EA%B0%95%EB%82%A8%EA%B5%AC%20%EB%8C%80%EC%B9%98%EB%8F%99%20%EC%9D%8C%EC%8B%9D%EC%A0%90/place/11842699?c=14136380.0043175,4508619.1552838,12,0,0,0,dh&placePath=%3Fentry%253Dbmp",4.32리뷰 402
옛날통닭,"치킨,닭강정","https://map.naver.com/v5/search/%EA%B0%95%EB%82%A8%EA%B5%AC%20%EB%8C%80%EC%B9%98%EB%8F%99%20%EC%9D%8C%EC%8B%9D%EC%A0%90/place/1772647364?c=14136327.7954763,4509633.2220286,12,0,0,0,dh&placePath=%3Fentry%253Dbmp",4.45리뷰 860
메콩타이 삼성점,아시아음식,"https://map.naver.com/v5/search/%EA%B0%95%EB%82%A8%EA%B5%AC%20%EB%8C%80%EC%B9%98%EB%8F%99%20%EC%9D%8C%EC%8B%9D%EC%A0%90/place/1663735550?c=14136327.7954763,4509633.2220286,12,0,0,0,dh&placePath=%3Fentry%253Dbmp",4.46리뷰 456
오동도,향토음식,"https://map.naver.com/v5/search/%EA%B0%95%EB%82%A8%EA%B5%AC%20%EB%8C%80%EC%B9%98%EB%8F%99%20%EC%9D%8C%EC%8B%9D%EC%A0%90/place/13528827?c=14136327.7954763,4509633.2220286,12,0,0,0,dh&placePath=%3Fentry%253Dbmp",4.48리뷰 220TV수요미식회
쌍룡갈비,"육류,고기요리","https://map.naver.com/v5/search/%EA%B0%95%EB%82%A8%EA%B5%AC%20%EB%8C%80%EC%B9%98%EB%8F%99%20%EC%9D%8C%EC%8B%9D%EC%A0%90/place/1026392942?c=14136327.7954763,4509633.2220286,12,0,0,0,dh&placePath=%3Fentry%253Dbmp",4.46리뷰 550
제주은희네해장국 대치점,해장국,"https://map.naver.com/v5/search/%EA%B0%95%EB%82%A8%EA%B5%AC%20%EB%8C%80%EC%B9%98%EB%8F%99%20%EC%9D%8C%EC%8B%9D%EC%A0%90/place/1861663097?c=14136327.7954763,4509633.2220286,12,0,0,0,dh&placePath=%3Fentry%253Dbmp",4.63리뷰 367
블랙바 스테이크하우스,"스테이크,립","https://map.naver.com/v5/search/%EA%B0%95%EB%82%A8%EA%B5%AC%20%EB%8C%80%EC%B9%98%EB%8F%99%20%EC%9D%8C%EC%8B%9D%EC%A0%90/place/1198332834?c=14136327.7954763,4509633.2220286,12,0,0,0,dh&placePath=%3Fentry%253Dbmp",4.46리뷰 241
미태리 선릉포스코점,"스파게티,파스타전문","https://map.naver.com/v5/search/%EA%B0%95%EB%82%A8%EA%B5%AC%20%EB%8C%80%EC%B9%98%EB%8F%99%20%EC%9D%8C%EC%8B%9D%EC%A0%90/place/1251999118?c=14136327.7954763,4509633.2220286,12,0,0,0,dh&placePath=%3Fentry%253Dbmp",영업 중리뷰 750이탈리아산만 쓰는 미태리 파스타
튀김아저씨,종합분식,"https://map.naver.com/v5/search/%EA%B0%95%EB%82%A8%EA%B5%AC%20%EB%8C%80%EC%B9%98%EB%8F%99%20%EC%9D%8C%EC%8B%9D%EC%A0%90/place/38337730?c=14136327.7954763,4509633.2220286,12,0,0,0,dh&placePath=%3Fentry%253Dbmp",4.55리뷰 999+TV생활의달인
할아버지돈까스,양식,"https://map.naver.com/v5/search/%EA%B0%95%EB%82%A8%EA%B5%AC%20%EB%8C%80%EC%B9%98%EB%8F%99%20%EC%9D%8C%EC%8B%9D%EC%A0%90/place/18468391?c=14136327.7954763,4509633.2220286,12,0,0,0,dh&placePath=%3Fentry%253Dbmp",4.27리뷰 265
청춘닭볶이,닭요리,"https://map.naver.com/v5/search/%EA%B0%95%EB%82%A8%EA%B5%AC%20%EB%8C%80%EC%B9%98%EB%8F%99%20%EC%9D%8C%EC%8B%9D%EC%A0%90/place/32739228?c=14137202.1766806,4508365.9836519,12,0,0,0,dh&placePath=%3Fentry%253Dbmp",4.56리뷰 763
명동관,한식,"https://map.naver.com/v5/search/%EA%B0%95%EB%82%A8%EA%B5%AC%20%EB%8C%80%EC%B9%98%EB%8F%99%20%EC%9D%8C%EC%8B%9D%EC%A0%90/place/18570828?c=14137202.1766806,4508365.9836519,12,0,0,0,dh&placePath=%3Fentry%253Dbmp",4.56리뷰 999+TV2TV생생정보
라피자노스트라 선릉본점,이탈리아음식,"https://map.naver.com/v5/search/%EA%B0%95%EB%82%A8%EA%B5%AC%20%EB%8C%80%EC%B9%98%EB%8F%99%20%EC%9D%8C%EC%8B%9D%EC%A0%90/place/33618243?c=14137202.1766806,4508365.9836519,12,0,0,0,dh&placePath=%3Fentry%253Dbmp",4.39리뷰 999+
정참치,생선회,"https://map.naver.com/v5/search/%EA%B0%95%EB%82%A8%EA%B5%AC%20%EB%8C%80%EC%B9%98%EB%8F%99%20%EC%9D%8C%EC%8B%9D%EC%A0%90/place/1775501312?c=14137202.1766806,4508365.9836519,12,0,0,0,dh&placePath=%3Fentry%253Dbmp",4.44리뷰 229
대치동집,돼지고기구이,"https://map.naver.com/v5/search/%EA%B0%95%EB%82%A8%EA%B5%AC%20%EB%8C%80%EC%B9%98%EB%8F%99%20%EC%9D%8C%EC%8B%9D%EC%A0%90/place/715284856?c=14137202.1766806,4508365.9836519,12,0,0,0,dh&placePath=%3Fentry%253Dbmp",영업 전리뷰 432서울 강남구 대치동
청자골,소고기구이,"https://map.naver.com/v5/search/%EA%B0%95%EB%82%A8%EA%B5%AC%20%EB%8C%80%EC%B9%98%EB%8F%99%20%EC%9D%8C%EC%8B%9D%EC%A0%90/place/13151370?c=14136346.1965881,4509637.2773701,12,0,0,0,dh&placePath=%3Fentry%253Dbmp",4.6리뷰 733
파크 하얏트 서울 더라운지,한식,"https://map.naver.com/v5/search/%EA%B0%95%EB%82%A8%EA%B5%AC%20%EB%8C%80%EC%B9%98%EB%8F%99%20%EC%9D%8C%EC%8B%9D%EC%A0%90/place/19873420?c=14135874.4357181,4509493.6013672,12,0,0,0,dh&placePath=%3Fentry%253Dbmp",4.41리뷰 999+TV2TV생생정보
강정희간장새우 선릉역점,"해물,생선요리","https://map.naver.com/v5/search/%EA%B0%95%EB%82%A8%EA%B5%AC%20%EB%8C%80%EC%B9%98%EB%8F%99%20%EC%9D%8C%EC%8B%9D%EC%A0%90/place/34016419?c=14135874.4357181,4509493.6013672,12,0,0,0,dh&placePath=%3Fentry%253Dbmp",4.44리뷰 472
청국장서갈비,"찌개,전골","https://map.naver.com/v5/search/%EA%B0%95%EB%82%A8%EA%B5%AC%20%EB%8C%80%EC%B9%98%EB%8F%99%20%EC%9D%8C%EC%8B%9D%EC%A0%90/place/31887308?c=14135874.4357181,4509493.6013672,12,0,0,0,dh&placePath=%3Fentry%253Dbmp",4.33리뷰 999+TV수요미식회
해봉정육 본점,정육식당,"https://map.naver.com/v5/search/%EA%B0%95%EB%82%A8%EA%B5%AC%20%EB%8C%80%EC%B9%98%EB%8F%99%20%EC%9D%8C%EC%8B%9D%EC%A0%90/place/1288149848?c=14135874.4357181,4509493.6013672,12,0,0,0,dh&placePath=%3Fentry%253Dbmp",4.41리뷰 533
투다리 대치본점,"오뎅,꼬치","https://map.naver.com/v5/search/%EA%B0%95%EB%82%A8%EA%B5%AC%20%EB%8C%80%EC%B9%98%EB%8F%99%20%EC%9D%8C%EC%8B%9D%EC%A0%90/place/1330905621?c=14135719.7795495,4509378.2157666,12,0,0,0,dh&placePath=%3Fentry%253Dbmp",4.98리뷰 409
칠랑고,"멕시코,남미음식","https://map.naver.com/v5/search/%EA%B0%95%EB%82%A8%EA%B5%AC%20%EB%8C%80%EC%B9%98%EB%8F%99%20%EC%9D%8C%EC%8B%9D%EC%A0%90/place/707597914?c=14135719.7795495,4509378.2157666,12,0,0,0,dh&placePath=%3Fentry%253Dbmp",4.58리뷰 674
이승재참치,일식당,"https://map.naver.com/v5/search/%EA%B0%95%EB%82%A8%EA%B5%AC%20%EB%8C%80%EC%B9%98%EB%8F%99%20%EC%9D%8C%EC%8B%9D%EC%A0%90/place/1639596346?c=14136903.9517648,4508726.6049469,12,0,0,0,dh&placePath=%3Fentry%253Dbmp",4.7리뷰 999+
이가네양꼬치 대치점,양꼬치,"https://map.naver.com/v5/search/%EA%B0%95%EB%82%A8%EA%B5%AC%20%EB%8C%80%EC%B9%98%EB%8F%99%20%EC%9D%8C%EC%8B%9D%EC%A0%90/place/1630216914?c=14136903.9517648,4508726.6049469,12,0,0,0,dh&placePath=%3Fentry%253Dbmp",4.47리뷰 357
풍년집 선릉점,한식,"https://map.naver.com/v5/search/%EA%B0%95%EB%82%A8%EA%B5%AC%20%EB%8C%80%EC%B9%98%EB%8F%99%20%EC%9D%8C%EC%8B%9D%EC%A0%90/place/30916873?c=14136903.9517648,4508726.6049469,12,0,0,0,dh&placePath=%3Fentry%253Dbmp",4.43리뷰 889
명랑회관 선릉점,돼지고기구이,"https://map.naver.com/v5/search/%EA%B0%95%EB%82%A8%EA%B5%AC%20%EB%8C%80%EC%B9%98%EB%8F%99%20%EC%9D%8C%EC%8B%9D%EC%A0%90/place/37408131?c=14136591.4779541,4509817.9591605,12,0,0,0,dh&placePath=%3Fentry%253Dbmp",4.72리뷰 999+
창포,한식,"https://map.naver.com/v5/search/%EA%B0%95%EB%82%A8%EA%B5%AC%20%EB%8C%80%EC%B9%98%EB%8F%99%20%EC%9D%8C%EC%8B%9D%EC%A0%90/place/13323600?c=14136591.4779541,4509817.9591605,12,0,0,0,dh&placePath=%3Fentry%253Dbmp",4.39리뷰 999+
대치동 함흥면옥,냉면,"https://map.naver.com/v5/search/%EA%B0%95%EB%82%A8%EA%B5%AC%20%EB%8C%80%EC%B9%98%EB%8F%99%20%EC%9D%8C%EC%8B%9D%EC%A0%90/place/33874674?c=14136591.4779541,4509817.9591605,12,0,0,0,dh&placePath=%3Fentry%253Dbmp",4.32리뷰 999+
모구모구돈부리,일식당,"https://map.naver.com/v5/search/%EA%B0%95%EB%82%A8%EA%B5%AC%20%EB%8C%80%EC%B9%98%EB%8F%99%20%EC%9D%8C%EC%8B%9D%EC%A0%90/place/1067678037?c=14136591.4779541,4509817.9591605,12,0,0,0,dh&placePath=%3Fentry%253Dbmp",오늘 휴무리뷰 400서울 강남구 대치동
레이어스튜디오,"카페,디저트","https://map.naver.com/v5/search/%EA%B0%95%EB%82%A8%EA%B5%AC%20%EB%8C%80%EC%B9%98%EB%8F%99%20%EC%9D%8C%EC%8B%9D%EC%A0%90/place/1683782400?c=14136144.2296360,4508703.4817088,12,0,0,0,dh&placePath=%3Fentry%253Dbmp",4.37리뷰 751
국제시장해장국,국밥,"https://map.naver.com/v5/search/%EA%B0%95%EB%82%A8%EA%B5%AC%20%EB%8C%80%EC%B9%98%EB%8F%99%20%EC%9D%8C%EC%8B%9D%EC%A0%90/place/1204532904?c=14136144.2296360,4508703.4817088,12,0,0,0,dh&placePath=%3Fentry%253Dbmp",4.4리뷰 345
유명환 선산곱창,"곱창,막창,양","https://map.naver.com/v5/search/%EA%B0%95%EB%82%A8%EA%B5%AC%20%EB%8C%80%EC%B9%98%EB%8F%99%20%EC%9D%8C%EC%8B%9D%EC%A0%90/place/1525790524?c=14136226.6394550,4509414.6288160,12,0,0,0,dh&placePath=%3Fentry%253Dbmp",영업 중리뷰 178서울 강남구 대치동
앙떼띠 커피로스터리,카페,"https://map.naver.com/v5/search/%EA%B0%95%EB%82%A8%EA%B5%AC%20%EB%8C%80%EC%B9%98%EB%8F%99%20%EC%9D%8C%EC%8B%9D%EC%A0%90/place/1931206028?c=14136226.6394550,4509414.6288160,12,0,0,0,dh&placePath=%3Fentry%253Dbmp",4.61리뷰 619
이비가짬뽕 대치점,중식당,"https://map.naver.com/v5/search/%EA%B0%95%EB%82%A8%EA%B5%AC%20%EB%8C%80%EC%B9%98%EB%8F%99%20%EC%9D%8C%EC%8B%9D%EC%A0%90/place/1297726044?c=14135761.5020947,4509369.9649660,12,0,0,0,dh&placePath=%3Fentry%253Dbmp",영업 중리뷰 957TV전지적참견시점
상록수 선릉점,돼지고기구이,"https://map.naver.com/v5/search/%EA%B0%95%EB%82%A8%EA%B5%AC%20%EB%8C%80%EC%B9%98%EB%8F%99%20%EC%9D%8C%EC%8B%9D%EC%A0%90/place/1021725079?c=14135761.5020947,4509369.9649660,12,0,0,0,dh&placePath=%3Fentry%253Dbmp",영업 전리뷰 225TV줄서는식당
한성양꼬치,양꼬치,"https://map.naver.com/v5/search/%EA%B0%95%EB%82%A8%EA%B5%AC%20%EB%8C%80%EC%B9%98%EB%8F%99%20%EC%9D%8C%EC%8B%9D%EC%A0%90/place/539185018?c=14135761.5020947,4509369.9649660,12,0,0,0,dh&placePath=%3Fentry%253Dbmp",4.44리뷰 372
밀각 대치직영점,"족발,보쌈","https://map.naver.com/v5/search/%EA%B0%95%EB%82%A8%EA%B5%AC%20%EB%8C%80%EC%B9%98%EB%8F%99%20%EC%9D%8C%EC%8B%9D%EC%A0%90/place/1174418653?c=14135761.5020947,4509369.9649660,12,0,0,0,dh&placePath=%3Fentry%253Dbmp",영업 전리뷰 255서울 강남구 대치동
마라테이블,중식당,"https://map.naver.com/v5/search/%EA%B0%95%EB%82%A8%EA%B5%AC%20%EB%8C%80%EC%B9%98%EB%8F%99%20%EC%9D%8C%EC%8B%9D%EC%A0%90/place/1351507296?c=14135761.5020947,4509369.9649660,12,0,0,0,dh&placePath=%3Fentry%253Dbmp",4.58리뷰 976
키친바락,일식당,"https://map.naver.com/v5/search/%EA%B0%95%EB%82%A8%EA%B5%AC%20%EB%8C%80%EC%B9%98%EB%8F%99%20%EC%9D%8C%EC%8B%9D%EC%A0%90/place/1654443385?c=14136147.3131859,4508771.0696179,12,0,0,0,dh&placePath=%3Fentry%253Dbmp",4.49리뷰 321
마라차이즈,중식당,"https://map.naver.com/v5/search/%EA%B0%95%EB%82%A8%EA%B5%AC%20%EB%8C%80%EC%B9%98%EB%8F%99%20%EC%9D%8C%EC%8B%9D%EC%A0%90/place/1764629326?c=14136147.3131859,4508771.0696179,12,0,0,0,dh&placePath=%3Fentry%253Dbmp",4.52리뷰 721
길농원 대치점,오리요리,"https://map.naver.com/v5/search/%EA%B0%95%EB%82%A8%EA%B5%AC%20%EB%8C%80%EC%B9%98%EB%8F%99%20%EC%9D%8C%EC%8B%9D%EC%A0%90/place/34520779?c=14136147.3131859,4508771.0696179,12,0,0,0,dh&placePath=%3Fentry%253Dbmp",4.1리뷰 432
우밀가 대치본점,국수,"https://map.naver.com/v5/search/%EA%B0%95%EB%82%A8%EA%B5%AC%20%EB%8C%80%EC%B9%98%EB%8F%99%20%EC%9D%8C%EC%8B%9D%EC%A0%90/place/355849071?c=14136726.9315105,4509846.8803236,12,0,0,0,dh&placePath=%3Fentry%253Dbmp",4.23리뷰 517
갓포아키 삼성점,일식당,"https://map.naver.com/v5/search/%EA%B0%95%EB%82%A8%EA%B5%AC%20%EB%8C%80%EC%B9%98%EB%8F%99%20%EC%9D%8C%EC%8B%9D%EC%A0%90/place/1491683807?c=14137490.9950995,4510096.3690139,12,0,0,0,dh&placePath=%3Fentry%253Dbmp",4.5리뷰 305
우노,한식,"https://map.naver.com/v5/search/%EA%B0%95%EB%82%A8%EA%B5%AC%20%EB%8C%80%EC%B9%98%EB%8F%99%20%EC%9D%8C%EC%8B%9D%EC%A0%90/place/36734951?c=14137490.9950995,4510096.3690139,12,0,0,0,dh&placePath=%3Fentry%253Dbmp",4.46리뷰 561
오발탄 대치점,"곱창,막창,양","https://map.naver.com/v5/search/%EA%B0%95%EB%82%A8%EA%B5%AC%20%EB%8C%80%EC%B9%98%EB%8F%99%20%EC%9D%8C%EC%8B%9D%EC%A0%90/place/1176653325?c=14137303.3104380,4510287.4011840,12,0,0,0,dh&placePath=%3Fentry%253Dbmp",4.3리뷰 181
꿀때기곱창 선릉본점,"곱창,막창,양","https://map.naver.com/v5/search/%EA%B0%95%EB%82%A8%EA%B5%AC%20%EB%8C%80%EC%B9%98%EB%8F%99%20%EC%9D%8C%EC%8B%9D%EC%A0%90/place/1298360185?c=14135919.1972853,4509312.0972891,12,0,0,0,dh&placePath=%3Fentry%253Dbmp",4.68리뷰 291
전가,요리주점,"https://map.naver.com/v5/search/%EA%B0%95%EB%82%A8%EA%B5%AC%20%EB%8C%80%EC%B9%98%EB%8F%99%20%EC%9D%8C%EC%8B%9D%EC%A0%90/place/37996954?c=14135919.1972853,4509312.0972891,12,0,0,0,dh&placePath=%3Fentry%253Dbmp",4.57리뷰 283
sweets EPI,케이크전문,"https://map.naver.com/v5/search/%EA%B0%95%EB%82%A8%EA%B5%AC%20%EB%8C%80%EC%B9%98%EB%8F%99%20%EC%9D%8C%EC%8B%9D%EC%A0%90/place/11065249?c=14135919.1972853,4509312.0972891,12,0,0,0,dh&placePath=%3Fentry%253Dbmp",4.67리뷰 395TV2014테이스티로드
수하동 본점,"곰탕,설렁탕","https://map.naver.com/v5/search/%EA%B0%95%EB%82%A8%EA%B5%AC%20%EB%8C%80%EC%B9%98%EB%8F%99%20%EC%9D%8C%EC%8B%9D%EC%A0%90/place/1336995247?c=14135919.1972853,4509312.0972891,12,0,0,0,dh&placePath=%3Fentry%253Dbmp",영업 중리뷰 312서울 강남구 대치동
닭장수후라이드 대치점,닭장수후라이드,"https://map.naver.com/v5/search/%EA%B0%95%EB%82%A8%EA%B5%AC%20%EB%8C%80%EC%B9%98%EB%8F%99%20%EC%9D%8C%EC%8B%9D%EC%A0%90/place/1523707260?c=14135919.1972853,4509312.0972891,12,0,0,0,dh&placePath=%3Fentry%253Dbmp",4.88리뷰 120
영심이와SECOND bar,바(BAR),"https://map.naver.com/v5/search/%EA%B0%95%EB%82%A8%EA%B5%AC%20%EB%8C%80%EC%B9%98%EB%8F%99%20%EC%9D%8C%EC%8B%9D%EC%A0%90/place/21581784?c=14135919.1972853,4509312.0972891,12,0,0,0,dh&placePath=%3Fentry%253Dbmp",4.53리뷰 374
에머이 한티점,베트남음식,"https://map.naver.com/v5/search/%EA%B0%95%EB%82%A8%EA%B5%AC%20%EB%8C%80%EC%B9%98%EB%8F%99%20%EC%9D%8C%EC%8B%9D%EC%A0%90/place/1283235664?c=14135919.1972853,4509312.0972891,12,0,0,0,dh&placePath=%3Fentry%253Dbmp",4.34리뷰 418
랜돌프비어 대치점,"맥주,호프","https://map.naver.com/v5/search/%EA%B0%95%EB%82%A8%EA%B5%AC%20%EB%8C%80%EC%B9%98%EB%8F%99%20%EC%9D%8C%EC%8B%9D%EC%A0%90/place/1225859668?c=14135919.1972853,4509312.0972891,12,0,0,0,dh&placePath=%3Fentry%253Dbmp",4.48리뷰 148
타타스베이글 선릉점,베이커리,"https://map.naver.com/v5/search/%EA%B0%95%EB%82%A8%EA%B5%AC%20%EB%8C%80%EC%B9%98%EB%8F%99%20%EC%9D%8C%EC%8B%9D%EC%A0%90/place/1166510356?c=14135919.1972853,4509312.0972891,12,0,0,0,dh&placePath=%3Fentry%253Dbmp",영업 중리뷰 178서울 강남구 대치동
동래복국,복어요리,"https://map.naver.com/v5/search/%EA%B0%95%EB%82%A8%EA%B5%AC%20%EB%8C%80%EC%B9%98%EB%8F%99%20%EC%9D%8C%EC%8B%9D%EC%A0%90/place/31519774?c=14135919.1972853,4509312.0972891,12,0,0,0,dh&placePath=%3Fentry%253Dbmp",4.37리뷰 290
스시유,"초밥,롤","https://map.naver.com/v5/search/%EA%B0%95%EB%82%A8%EA%B5%AC%20%EB%8C%80%EC%B9%98%EB%8F%99%20%EC%9D%8C%EC%8B%9D%EC%A0%90/place/11486499?c=14135919.1972853,4509312.0972891,12,0,0,0,dh&placePath=%3Fentry%253Dbmp",영업 전리뷰 413달인이 만들어준 초밥
본죽&비빔밥cafe 대치롯데점,죽,"https://map.naver.com/v5/search/%EA%B0%95%EB%82%A8%EA%B5%AC%20%EB%8C%80%EC%B9%98%EB%8F%99%20%EC%9D%8C%EC%8B%9D%EC%A0%90/place/1795146212?c=14135919.1972853,4509312.0972891,12,0,0,0,dh&placePath=%3Fentry%253Dbmp",4.55리뷰 489
김태완스시,"초밥,롤","https://map.naver.com/v5/search/%EA%B0%95%EB%82%A8%EA%B5%AC%20%EB%8C%80%EC%B9%98%EB%8F%99%20%EC%9D%8C%EC%8B%9D%EC%A0%90/place/1930972958?c=14135919.1972853,4509312.0972891,12,0,0,0,dh&placePath=%3Fentry%253Dbmp",4.33리뷰 797
숙달돼지 삼성점,돼지고기구이,"https://map.naver.com/v5/search/%EA%B0%95%EB%82%A8%EA%B5%AC%20%EB%8C%80%EC%B9%98%EB%8F%99%20%EC%9D%8C%EC%8B%9D%EC%A0%90/place/1955241774?c=14137283.9185827,4509826.8698452,12,0,0,0,dh&placePath=%3Fentry%253Dbmp",4.44리뷰 344
미래향,중식당,"https://map.naver.com/v5/search/%EA%B0%95%EB%82%A8%EA%B5%AC%20%EB%8C%80%EC%B9%98%EB%8F%99%20%EC%9D%8C%EC%8B%9D%EC%A0%90/place/34344857?c=14137283.9185827,4509826.8698452,12,0,0,0,dh&placePath=%3Fentry%253Dbmp",4.37리뷰 904
양산도 대치점,"장어,먹장어요리","https://map.naver.com/v5/search/%EA%B0%95%EB%82%A8%EA%B5%AC%20%EB%8C%80%EC%B9%98%EB%8F%99%20%EC%9D%8C%EC%8B%9D%EC%A0%90/place/1431650655?c=14136093.2230453,4508772.2622671,12,0,0,0,dh&placePath=%3Fentry%253Dbmp",영업 중리뷰 144서울 강남구 대치동
연어꼬꼬,생선회,"https://map.naver.com/v5/search/%EA%B0%95%EB%82%A8%EA%B5%AC%20%EB%8C%80%EC%B9%98%EB%8F%99%20%EC%9D%8C%EC%8B%9D%EC%A0%90/place/1968424067?c=14136666.7633258,4508821.6240314,12,0,0,0,dh&placePath=%3Fentry%253Dbmp",영업 중리뷰 41서울 강남구 대치동
남파고택 롯데백화점 강남점,한식,"https://map.naver.com/v5/search/%EA%B0%95%EB%82%A8%EA%B5%AC%20%EB%8C%80%EC%B9%98%EB%8F%99%20%EC%9D%8C%EC%8B%9D%EC%A0%90/place/1969252815?c=14136666.7633258,4508821.6240314,12,0,0,0,dh&placePath=%3Fentry%253Dbmp",4.43리뷰 430
동인동,"육류,고기요리","https://map.naver.com/v5/search/%EA%B0%95%EB%82%A8%EA%B5%AC%20%EB%8C%80%EC%B9%98%EB%8F%99%20%EC%9D%8C%EC%8B%9D%EC%A0%90/place/18466362?c=14136666.7633258,4508821.6240314,12,0,0,0,dh&placePath=%3Fentry%253Dbmp",곧 영업 시작리뷰 568찜갈비매운갈비갈비찜쭈꾸미모듬전
마케집 선릉점,생선회,"https://map.naver.com/v5/search/%EA%B0%95%EB%82%A8%EA%B5%AC%20%EB%8C%80%EC%B9%98%EB%8F%99%20%EC%9D%8C%EC%8B%9D%EC%A0%90/place/1334078812?c=14136854.3366677,4508151.4716425,12,0,0,0,dh&placePath=%3Fentry%253Dbmp",영업 중리뷰 216서울 강남구 대치동
커피진심베이커리,베이커리,"https://map.naver.com/v5/search/%EA%B0%95%EB%82%A8%EA%B5%AC%20%EB%8C%80%EC%B9%98%EB%8F%99%20%EC%9D%8C%EC%8B%9D%EC%A0%90/place/1897670703?c=14136854.3366677,4508151.4716425,12,0,0,0,dh&placePath=%3Fentry%253Dbmp",4.83리뷰 322
분틀,국수,"https://map.naver.com/v5/search/%EA%B0%95%EB%82%A8%EA%B5%AC%20%EB%8C%80%EC%B9%98%EB%8F%99%20%EC%9D%8C%EC%8B%9D%EC%A0%90/place/1619914936?c=14136854.3366677,4508151.4716425,12,0,0,0,dh&placePath=%3Fentry%253Dbmp",4.16리뷰 797
겐비이자카야,이자카야,"https://map.naver.com/v5/search/%EA%B0%95%EB%82%A8%EA%B5%AC%20%EB%8C%80%EC%B9%98%EB%8F%99%20%EC%9D%8C%EC%8B%9D%EC%A0%90/place/1567375704?c=14136854.3366677,4508151.4716425,12,0,0,0,dh&placePath=%3Fentry%253Dbmp",4.55리뷰 316
서울삼겹,"육류,고기요리","https://map.naver.com/v5/search/%EA%B0%95%EB%82%A8%EA%B5%AC%20%EB%8C%80%EC%B9%98%EB%8F%99%20%EC%9D%8C%EC%8B%9D%EC%A0%90/place/1931880682?c=14136854.3366677,4508151.4716425,12,0,0,0,dh&placePath=%3Fentry%253Dbmp",영업 전리뷰 91서울 강남구 대치동
이가네양꼬치 선릉점,양꼬치,"https://map.naver.com/v5/search/%EA%B0%95%EB%82%A8%EA%B5%AC%20%EB%8C%80%EC%B9%98%EB%8F%99%20%EC%9D%8C%EC%8B%9D%EC%A0%90/place/1519308537?c=14136854.3366677,4508151.4716425,12,0,0,0,dh&placePath=%3Fentry%253Dbmp",4.66리뷰 249
카페인더무드 대치점,브런치,"https://map.naver.com/v5/search/%EA%B0%95%EB%82%A8%EA%B5%AC%20%EB%8C%80%EC%B9%98%EB%8F%99%20%EC%9D%8C%EC%8B%9D%EC%A0%90/place/1340882296?c=14136854.3366677,4508151.4716425,12,0,0,0,dh&placePath=%3Fentry%253Dbmp",4.73리뷰 191
부엉이식당,돈가스,"https://map.naver.com/v5/search/%EA%B0%95%EB%82%A8%EA%B5%AC%20%EB%8C%80%EC%B9%98%EB%8F%99%20%EC%9D%8C%EC%8B%9D%EC%A0%90/place/1000937514?c=14136854.3366677,4508151.4716425,12,0,0,0,dh&placePath=%3Fentry%253Dbmp",4.38리뷰 455
히라이,중식당,"https://map.naver.com/v5/search/%EA%B0%95%EB%82%A8%EA%B5%AC%20%EB%8C%80%EC%B9%98%EB%8F%99%20%EC%9D%8C%EC%8B%9D%EC%A0%90/place/13052928?c=14135938.9564949,4509522.4514739,12,0,0,0,dh&placePath=%3Fentry%253Dbmp",4.47리뷰 535
철수네포장마차,포장마차,"https://map.naver.com/v5/search/%EA%B0%95%EB%82%A8%EA%B5%AC%20%EB%8C%80%EC%B9%98%EB%8F%99%20%EC%9D%8C%EC%8B%9D%EC%A0%90/place/13485012?c=14135938.9564949,4509522.4514739,12,0,0,0,dh&placePath=%3Fentry%253Dbmp",4.5리뷰 142
하남돼지집 선릉1호점,돼지고기구이,"https://map.naver.com/v5/search/%EA%B0%95%EB%82%A8%EA%B5%AC%20%EB%8C%80%EC%B9%98%EB%8F%99%20%EC%9D%8C%EC%8B%9D%EC%A0%90/place/36444497?c=14135938.9564949,4509522.4514739,12,0,0,0,dh&placePath=%3Fentry%253Dbmp",4.37리뷰 707
커피마마퀸 선릉점,"카페,디저트","https://map.naver.com/v5/search/%EA%B0%95%EB%82%A8%EA%B5%AC%20%EB%8C%80%EC%B9%98%EB%8F%99%20%EC%9D%8C%EC%8B%9D%EC%A0%90/place/1044996278?c=14135938.9564949,4509522.4514739,12,0,0,0,dh&placePath=%3Fentry%253Dbmp",4.55리뷰 999+
뚜레쥬르 카페 대치점,베이커리,"https://map.naver.com/v5/search/%EA%B0%95%EB%82%A8%EA%B5%AC%20%EB%8C%80%EC%B9%98%EB%8F%99%20%EC%9D%8C%EC%8B%9D%EC%A0%90/place/1000678582?c=14135938.9564949,4509522.4514739,12,0,0,0,dh&placePath=%3Fentry%253Dbmp",영업 중리뷰 999+서울 강남구 대치동
풍년집 대치점,소고기구이,"https://map.naver.com/v5/search/%EA%B0%95%EB%82%A8%EA%B5%AC%20%EB%8C%80%EC%B9%98%EB%8F%99%20%EC%9D%8C%EC%8B%9D%EC%A0%90/place/13574747?c=14135938.9564949,4509522.4514739,12,0,0,0,dh&placePath=%3Fentry%253Dbmp",4.49리뷰 339
택이네 조개전골 대치점,한식,"https://map.naver.com/v5/search/%EA%B0%95%EB%82%A8%EA%B5%AC%20%EB%8C%80%EC%B9%98%EB%8F%99%20%EC%9D%8C%EC%8B%9D%EC%A0%90/place/1017340408?c=14135938.9564949,4509522.4514739,12,0,0,0,dh&placePath=%3Fentry%253Dbmp",4.54리뷰 246
한스 선릉점,카페,"https://map.naver.com/v5/search/%EA%B0%95%EB%82%A8%EA%B5%AC%20%EB%8C%80%EC%B9%98%EB%8F%99%20%EC%9D%8C%EC%8B%9D%EC%A0%90/place/1987631462?c=14135938.9564949,4509522.4514739,12,0,0,0,dh&placePath=%3Fentry%253Dbmp",4.88리뷰 105
노크노크,브런치,"https://map.naver.com/v5/search/%EA%B0%95%EB%82%A8%EA%B5%AC%20%EB%8C%80%EC%B9%98%EB%8F%99%20%EC%9D%8C%EC%8B%9D%EC%A0%90/place/37927487?c=14136074.0093012,4509578.0611208,12,0,0,0,dh&placePath=%3Fentry%253Dbmp",4.34리뷰 386
스타벅스 한티역점,카페,"https://map.naver.com/v5/search/%EA%B0%95%EB%82%A8%EA%B5%AC%20%EB%8C%80%EC%B9%98%EB%8F%99%20%EC%9D%8C%EC%8B%9D%EC%A0%90/place/33980299?c=14135830.3754636,4509063.1183795,12,0,0,0,dh&placePath=%3Fentry%253Dbmp",4.45리뷰 999+
스시치우,"초밥,롤","https://map.naver.com/v5/search/%EA%B0%95%EB%82%A8%EA%B5%AC%20%EB%8C%80%EC%B9%98%EB%8F%99%20%EC%9D%8C%EC%8B%9D%EC%A0%90/place/1474270871?c=14135830.3754636,4509063.1183795,12,0,0,0,dh&placePath=%3Fentry%253Dbmp",4.84리뷰 229
자연산횟집,생선회,"https://map.naver.com/v5/search/%EA%B0%95%EB%82%A8%EA%B5%AC%20%EB%8C%80%EC%B9%98%EB%8F%99%20%EC%9D%8C%EC%8B%9D%EC%A0%90/place/35013085?c=14136287.5089526,4508581.2577222,12,0,0,0,dh&placePath=%3Fentry%253Dbmp",4.52리뷰 299
88노가리 선릉본점,"맥주,호프","https://map.naver.com/v5/search/%EA%B0%95%EB%82%A8%EA%B5%AC%20%EB%8C%80%EC%B9%98%EB%8F%99%20%EC%9D%8C%EC%8B%9D%EC%A0%90/place/1100044434?c=14136287.5089526,4508581.2577222,12,0,0,0,dh&placePath=%3Fentry%253Dbmp",4.26리뷰 324
김셰프의도시어부,일식당,"https://map.naver.com/v5/search/%EA%B0%95%EB%82%A8%EA%B5%AC%20%EB%8C%80%EC%B9%98%EB%8F%99%20%EC%9D%8C%EC%8B%9D%EC%A0%90/place/21515388?c=14136287.5089526,4508581.2577222,12,0,0,0,dh&placePath=%3Fentry%253Dbmp",4.18리뷰 219
철따라자연산,한식,"https://map.naver.com/v5/search/%EA%B0%95%EB%82%A8%EA%B5%AC%20%EB%8C%80%EC%B9%98%EB%8F%99%20%EC%9D%8C%EC%8B%9D%EC%A0%90/place/1354431463?c=14136287.5089526,4508581.2577222,12,0,0,0,dh&placePath=%3Fentry%253Dbmp",4.45리뷰 245
그때그집,"족발,보쌈","https://map.naver.com/v5/search/%EA%B0%95%EB%82%A8%EA%B5%AC%20%EB%8C%80%EC%B9%98%EB%8F%99%20%EC%9D%8C%EC%8B%9D%EC%A0%90/place/32259828?c=14136287.5089526,4508581.2577222,12,0,0,0,dh&placePath=%3Fentry%253Dbmp",4.63리뷰 190
카레마치,카레,"https://map.naver.com/v5/search/%EA%B0%95%EB%82%A8%EA%B5%AC%20%EB%8C%80%EC%B9%98%EB%8F%99%20%EC%9D%8C%EC%8B%9D%EC%A0%90/place/37130941?c=14136287.5089526,4508581.2577222,12,0,0,0,dh&placePath=%3Fentry%253Dbmp",4.26리뷰 824TV식객남녀잘먹었습니다 시즌3
진티엔,"딤섬,중식만두","https://map.naver.com/v5/search/%EA%B0%95%EB%82%A8%EA%B5%AC%20%EB%8C%80%EC%B9%98%EB%8F%99%20%EC%9D%8C%EC%8B%9D%EC%A0%90/place/1152517187?c=14136287.5089526,4508581.2577222,12,0,0,0,dh&placePath=%3Fentry%253Dbmp",4.12리뷰 180
소호정 대치점,국수,"https://map.naver.com/v5/search/%EA%B0%95%EB%82%A8%EA%B5%AC%20%EB%8C%80%EC%B9%98%EB%8F%99%20%EC%9D%8C%EC%8B%9D%EC%A0%90/place/31259558?c=14136287.5089526,4508581.2577222,12,0,0,0,dh&placePath=%3Fentry%253Dbmp",4.4리뷰 520
던킨 선릉역점,도넛,"https://map.naver.com/v5/search/%EA%B0%95%EB%82%A8%EA%B5%AC%20%EB%8C%80%EC%B9%98%EB%8F%99%20%EC%9D%8C%EC%8B%9D%EC%A0%90/place/11803565?c=14136287.5089526,4508581.2577222,12,0,0,0,dh&placePath=%3Fentry%253Dbmp",4.44리뷰 999+
이봉,한식,"https://map.naver.com/v5/search/%EA%B0%95%EB%82%A8%EA%B5%AC%20%EB%8C%80%EC%B9%98%EB%8F%99%20%EC%9D%8C%EC%8B%9D%EC%A0%90/place/18573957?c=14136701.3391596,4509586.7190207,12,0,0,0,dh&placePath=%3Fentry%253Dbmp",4.27리뷰 153
SHUCK,굴요리,"https://map.naver.com/v5/search/%EA%B0%95%EB%82%A8%EA%B5%AC%20%EB%8C%80%EC%B9%98%EB%8F%99%20%EC%9D%8C%EC%8B%9D%EC%A0%90/place/1958888731?c=14136701.3391596,4509586.7190207,12,0,0,0,dh&placePath=%3Fentry%253Dbmp",영업 종료리뷰 12서울 강남구 대치동
고반식당 선릉점,돼지고기구이,"https://map.naver.com/v5/search/%EA%B0%95%EB%82%A8%EA%B5%AC%20%EB%8C%80%EC%B9%98%EB%8F%99%20%EC%9D%8C%EC%8B%9D%EC%A0%90/place/38667568?c=14137115.2472903,4509953.3602865,12,0,0,0,dh&placePath=%3Fentry%253Dbmp",4.3리뷰 881
마부육전,한식,"https://map.naver.com/v5/search/%EA%B0%95%EB%82%A8%EA%B5%AC%20%EB%8C%80%EC%B9%98%EB%8F%99%20%EC%9D%8C%EC%8B%9D%EC%A0%90/place/1072761220?c=14136649.1191865,4509869.4868778,12,0,0,0,dh&placePath=%3Fentry%253Dbmp",4.41리뷰 667
롤링파스타 대치점,이탈리아음식,"https://map.naver.com/v5/search/%EA%B0%95%EB%82%A8%EA%B5%AC%20%EB%8C%80%EC%B9%98%EB%8F%99%20%EC%9D%8C%EC%8B%9D%EC%A0%90/place/1697733808?c=14136649.1191865,4509869.4868778,12,0,0,0,dh&placePath=%3Fentry%253Dbmp",영업 중리뷰 497서울 강남구 대치동
빠완,중식당,"https://map.naver.com/v5/search/%EA%B0%95%EB%82%A8%EA%B5%AC%20%EB%8C%80%EC%B9%98%EB%8F%99%20%EC%9D%8C%EC%8B%9D%EC%A0%90/place/1749145839?c=14136649.1191865,4509869.4868778,12,0,0,0,dh&placePath=%3Fentry%253Dbmp",4.21리뷰 560TV생방송오늘저녁
긴자카레,카레,"https://map.naver.com/v5/search/%EA%B0%95%EB%82%A8%EA%B5%AC%20%EB%8C%80%EC%B9%98%EB%8F%99%20%EC%9D%8C%EC%8B%9D%EC%A0%90/place/1094704999?c=14136649.1191865,4509869.4868778,12,0,0,0,dh&placePath=%3Fentry%253Dbmp",4.3리뷰 151
히노아지 포스코센터점,일본식라면,"https://map.naver.com/v5/search/%EA%B0%95%EB%82%A8%EA%B5%AC%20%EB%8C%80%EC%B9%98%EB%8F%99%20%EC%9D%8C%EC%8B%9D%EC%A0%90/place/1152703637?c=14136649.1191865,4509869.4868778,12,0,0,0,dh&placePath=%3Fentry%253Dbmp",4.27리뷰 286
마라품격,중식당,"https://map.naver.com/v5/search/%EA%B0%95%EB%82%A8%EA%B5%AC%20%EB%8C%80%EC%B9%98%EB%8F%99%20%EC%9D%8C%EC%8B%9D%EC%A0%90/place/1567796201?c=14136649.1191865,4509869.4868778,12,0,0,0,dh&placePath=%3Fentry%253Dbmp",곧 영업 시작리뷰 189서울 강남구 대치동
미스꼬레아,한식,"https://map.naver.com/v5/search/%EA%B0%95%EB%82%A8%EA%B5%AC%20%EB%8C%80%EC%B9%98%EB%8F%99%20%EC%9D%8C%EC%8B%9D%EC%A0%90/place/1650035066?c=14136355.3247864,4509859.7201668,12,0,0,0,dh&placePath=%3Fentry%253Dbmp",4.46리뷰 358
사푼사푼,"카페,디저트","https://map.naver.com/v5/search/%EA%B0%95%EB%82%A8%EA%B5%AC%20%EB%8C%80%EC%B9%98%EB%8F%99%20%EC%9D%8C%EC%8B%9D%EC%A0%90/place/38412403?c=14136915.8852142,4509978.1281188,12,0,0,0,dh&placePath=%3Fentry%253Dbmp",4.48리뷰 785TV2TV생생정보
노브랜드피자 대치점,피자,"https://map.naver.com/v5/search/%EA%B0%95%EB%82%A8%EA%B5%AC%20%EB%8C%80%EC%B9%98%EB%8F%99%20%EC%9D%8C%EC%8B%9D%EC%A0%90/place/1289432740?c=14136915.8852142,4509978.1281188,12,0,0,0,dh&placePath=%3Fentry%253Dbmp",영업 중리뷰 416서울 강남구 대치동
일품향,일품향,"https://map.naver.com/v5/search/%EA%B0%95%EB%82%A8%EA%B5%AC%20%EB%8C%80%EC%B9%98%EB%8F%99%20%EC%9D%8C%EC%8B%9D%EC%A0%90/place/34462818?c=14136915.8852142,4509978.1281188,12,0,0,0,dh&placePath=%3Fentry%253Dbmp",4.31리뷰 526
히카리,일본식라면,"https://map.naver.com/v5/search/%EA%B0%95%EB%82%A8%EA%B5%AC%20%EB%8C%80%EC%B9%98%EB%8F%99%20%EC%9D%8C%EC%8B%9D%EC%A0%90/place/623912102?c=14137378.2952470,4509923.6249322,12,0,0,0,dh&placePath=%3Fentry%253Dbmp",4.51리뷰 305
육시리 선릉점,돼지고기구이,"https://map.naver.com/v5/search/%EA%B0%95%EB%82%A8%EA%B5%AC%20%EB%8C%80%EC%B9%98%EB%8F%99%20%EC%9D%8C%EC%8B%9D%EC%A0%90/place/1823169314?c=14137378.2952470,4509923.6249322,12,0,0,0,dh&placePath=%3Fentry%253Dbmp",4.53리뷰 654
한와담 포스코센터점,소고기구이,"https://map.naver.com/v5/search/%EA%B0%95%EB%82%A8%EA%B5%AC%20%EB%8C%80%EC%B9%98%EB%8F%99%20%EC%9D%8C%EC%8B%9D%EC%A0%90/place/1169374810?c=14137378.2952470,4509923.6249322,12,0,0,0,dh&placePath=%3Fentry%253Dbmp",4.12리뷰 325
조개천국,조개요리,"https://map.naver.com/v5/search/%EA%B0%95%EB%82%A8%EA%B5%AC%20%EB%8C%80%EC%B9%98%EB%8F%99%20%EC%9D%8C%EC%8B%9D%EC%A0%90/place/1036609613?c=14137378.2952470,4509923.6249322,12,0,0,0,dh&placePath=%3Fentry%253Dbmp",영업 전리뷰 410서울 강남구 대치동
이스트빌리지서울 대치점,한정식,"https://map.naver.com/v5/search/%EA%B0%95%EB%82%A8%EA%B5%AC%20%EB%8C%80%EC%B9%98%EB%8F%99%20%EC%9D%8C%EC%8B%9D%EC%A0%90/place/1488025892?c=14136355.3247864,4509859.7201668,12,0,0,0,dh&placePath=%3Fentry%253Dbmp",4.21리뷰 138
미풍양주,한식,"https://map.naver.com/v5/search/%EA%B0%95%EB%82%A8%EA%B5%AC%20%EB%8C%80%EC%B9%98%EB%8F%99%20%EC%9D%8C%EC%8B%9D%EC%A0%90/place/1172720223?c=14136355.3247864,4509859.7201668,12,0,0,0,dh&placePath=%3Fentry%253Dbmp",4.53리뷰 254
하남돼지집 대치은마점,돼지고기구이,"https://map.naver.com/v5/search/%EA%B0%95%EB%82%A8%EA%B5%AC%20%EB%8C%80%EC%B9%98%EB%8F%99%20%EC%9D%8C%EC%8B%9D%EC%A0%90/place/36924806?c=14136355.3247864,4509859.7201668,12,0,0,0,dh&placePath=%3Fentry%253Dbmp",4.36리뷰 354
길포차,포장마차,"https://map.naver.com/v5/search/%EA%B0%95%EB%82%A8%EA%B5%AC%20%EB%8C%80%EC%B9%98%EB%8F%99%20%EC%9D%8C%EC%8B%9D%EC%A0%90/place/39948622?c=14136362.0818795,4509474.3492973,12,0,0,0,dh&placePath=%3Fentry%253Dbmp",4.64리뷰 150
등촌샤브칼국수 선릉점,"칼국수,만두","https://map.naver.com/v5/search/%EA%B0%95%EB%82%A8%EA%B5%AC%20%EB%8C%80%EC%B9%98%EB%8F%99%20%EC%9D%8C%EC%8B%9D%EC%A0%90/place/1404389524?c=14136362.0818795,4509474.3492973,12,0,0,0,dh&placePath=%3Fentry%253Dbmp",4.4리뷰 472
하레이자카야,이자카야,"https://map.naver.com/v5/search/%EA%B0%95%EB%82%A8%EA%B5%AC%20%EB%8C%80%EC%B9%98%EB%8F%99%20%EC%9D%8C%EC%8B%9D%EC%A0%90/place/1170958687?c=14136363.2284702,4509471.9638392,12,0,0,0,dh&placePath=%3Fentry%253Dbmp",4.5리뷰 236
봉피양 대치점,한식,"https://map.naver.com/v5/search/%EA%B0%95%EB%82%A8%EA%B5%AC%20%EB%8C%80%EC%B9%98%EB%8F%99%20%EC%9D%8C%EC%8B%9D%EC%A0%90/place/12973950?c=14135944.7673724,4509245.6564974,12,0,0,0,dh&placePath=%3Fentry%253Dbmp",4.31리뷰 396
커피브루어,"카페,디저트","https://map.naver.com/v5/search/%EA%B0%95%EB%82%A8%EA%B5%AC%20%EB%8C%80%EC%B9%98%EB%8F%99%20%EC%9D%8C%EC%8B%9D%EC%A0%90/place/21889284?c=14135944.7673724,4509245.6564974,12,0,0,0,dh&placePath=%3Fentry%253Dbmp",4.37리뷰 851
오마치슌,일식당,"https://map.naver.com/v5/search/%EA%B0%95%EB%82%A8%EA%B5%AC%20%EB%8C%80%EC%B9%98%EB%8F%99%20%EC%9D%8C%EC%8B%9D%EC%A0%90/place/36667318?c=14135944.7673724,4509245.6564974,12,0,0,0,dh&placePath=%3Fentry%253Dbmp",4.67리뷰 169
해초록,생선회,"https://map.naver.com/v5/search/%EA%B0%95%EB%82%A8%EA%B5%AC%20%EB%8C%80%EC%B9%98%EB%8F%99%20%EC%9D%8C%EC%8B%9D%EC%A0%90/place/11721121?c=14135944.7673724,4509245.6564974,12,0,0,0,dh&placePath=%3Fentry%253Dbmp",4.37리뷰 181
마토네,이탈리아음식,"https://map.naver.com/v5/search/%EA%B0%95%EB%82%A8%EA%B5%AC%20%EB%8C%80%EC%B9%98%EB%8F%99%20%EC%9D%8C%EC%8B%9D%EC%A0%90/place/1124528813?c=14135944.7673724,4509245.6564974,12,0,0,0,dh&placePath=%3Fentry%253Dbmp",4.23리뷰 252
아그라 롯데백화점 강남점,인도음식,"https://map.naver.com/v5/search/%EA%B0%95%EB%82%A8%EA%B5%AC%20%EB%8C%80%EC%B9%98%EB%8F%99%20%EC%9D%8C%EC%8B%9D%EC%A0%90/place/1054117245?c=14135964.1926235,4509380.6152353,12,0,0,0,dh&placePath=%3Fentry%253Dbmp",4.17리뷰 135
강남수랏간,"육류,고기요리","https://map.naver.com/v5/search/%EA%B0%95%EB%82%A8%EA%B5%AC%20%EB%8C%80%EC%B9%98%EB%8F%99%20%EC%9D%8C%EC%8B%9D%EC%A0%90/place/38274146?c=14135964.1926235,4509380.6152353,12,0,0,0,dh&placePath=%3Fentry%253Dbmp",4.32리뷰 575
맥도날드 한티점,햄버거,"https://map.naver.com/v5/search/%EA%B0%95%EB%82%A8%EA%B5%AC%20%EB%8C%80%EC%B9%98%EB%8F%99%20%EC%9D%8C%EC%8B%9D%EC%A0%90/place/19377480?c=14135964.1926235,4509380.6152353,12,0,0,0,dh&placePath=%3Fentry%253Dbmp",4.35리뷰 999+
강남면옥 대치점,냉면,"https://map.naver.com/v5/search/%EA%B0%95%EB%82%A8%EA%B5%AC%20%EB%8C%80%EC%B9%98%EB%8F%99%20%EC%9D%8C%EC%8B%9D%EC%A0%90/place/19882439?c=14135964.1926235,4509380.6152353,12,0,0,0,dh&placePath=%3Fentry%253Dbmp",4.14리뷰 999+
제이제이비어,"맥주,호프","https://map.naver.com/v5/search/%EA%B0%95%EB%82%A8%EA%B5%AC%20%EB%8C%80%EC%B9%98%EB%8F%99%20%EC%9D%8C%EC%8B%9D%EC%A0%90/place/35743972?c=14135912.0505740,4509133.7113817,12,0,0,0,dh&placePath=%3Fentry%253Dbmp",4.53리뷰 774
요그앤오트,"카페,디저트","https://map.naver.com/v5/search/%EA%B0%95%EB%82%A8%EA%B5%AC%20%EB%8C%80%EC%B9%98%EB%8F%99%20%EC%9D%8C%EC%8B%9D%EC%A0%90/place/1859072334?c=14135912.0505740,4509133.7113817,12,0,0,0,dh&placePath=%3Fentry%253Dbmp",영업 중리뷰 359서울 강남구 대치동
회장님댁 선릉점,한식,"https://map.naver.com/v5/search/%EA%B0%95%EB%82%A8%EA%B5%AC%20%EB%8C%80%EC%B9%98%EB%8F%99%20%EC%9D%8C%EC%8B%9D%EC%A0%90/place/1528777035?c=14135912.0505740,4509133.7113817,12,0,0,0,dh&placePath=%3Fentry%253Dbmp",영업 전리뷰 49서울 강남구 대치동
버닝스톤,"스테이크,립","https://map.naver.com/v5/search/%EA%B0%95%EB%82%A8%EA%B5%AC%20%EB%8C%80%EC%B9%98%EB%8F%99%20%EC%9D%8C%EC%8B%9D%EC%A0%90/place/1283139466?c=14135912.0505740,4509133.7113817,12,0,0,0,dh&placePath=%3Fentry%253Dbmp",4.53리뷰 197
포하임 선릉점,베트남음식,"https://map.naver.com/v5/search/%EA%B0%95%EB%82%A8%EA%B5%AC%20%EB%8C%80%EC%B9%98%EB%8F%99%20%EC%9D%8C%EC%8B%9D%EC%A0%90/place/1267112584?c=14135912.0505740,4509133.7113817,12,0,0,0,dh&placePath=%3Fentry%253Dbmp",4.46리뷰 999+
박해동스시,"초밥,롤","https://map.naver.com/v5/search/%EA%B0%95%EB%82%A8%EA%B5%AC%20%EB%8C%80%EC%B9%98%EB%8F%99%20%EC%9D%8C%EC%8B%9D%EC%A0%90/place/1230853082?c=14135912.0505740,4509133.7113817,12,0,0,0,dh&placePath=%3Fentry%253Dbmp",영업 중리뷰 114서울 강남구 대치동
피자리아 시오,피자,"https://map.naver.com/v5/search/%EA%B0%95%EB%82%A8%EA%B5%AC%20%EB%8C%80%EC%B9%98%EB%8F%99%20%EC%9D%8C%EC%8B%9D%EC%A0%90/place/35965133?c=14136011.5590668,4509116.5226224,12,0,0,0,dh&placePath=%3Fentry%253Dbmp",4.29리뷰 138
보리수,한식,"https://map.naver.com/v5/search/%EA%B0%95%EB%82%A8%EA%B5%AC%20%EB%8C%80%EC%B9%98%EB%8F%99%20%EC%9D%8C%EC%8B%9D%EC%A0%90/place/18466450?c=14136709.0202045,4509794.0336590,12,0,0,0,dh&placePath=%3Fentry%253Dbmp",4.54리뷰 178
올비바이테일러커피,카페,"https://map.naver.com/v5/search/%EA%B0%95%EB%82%A8%EA%B5%AC%20%EB%8C%80%EC%B9%98%EB%8F%99%20%EC%9D%8C%EC%8B%9D%EC%A0%90/place/1345633412?c=14136709.0202045,4509794.0336590,12,0,0,0,dh&placePath=%3Fentry%253Dbmp",4.4리뷰 852
한스 대치점,카페,"https://map.naver.com/v5/search/%EA%B0%95%EB%82%A8%EA%B5%AC%20%EB%8C%80%EC%B9%98%EB%8F%99%20%EC%9D%8C%EC%8B%9D%EC%A0%90/place/31243429?c=14136767.2848259,4509812.5145255,12,0,0,0,dh&placePath=%3Fentry%253Dbmp",4.46리뷰 386
남다른감자탕 삼성역점,감자탕,"https://map.naver.com/v5/search/%EA%B0%95%EB%82%A8%EA%B5%AC%20%EB%8C%80%EC%B9%98%EB%8F%99%20%EC%9D%8C%EC%8B%9D%EC%A0%90/place/1214735312?c=14136767.2848259,4509812.5145255,12,0,0,0,dh&placePath=%3Fentry%253Dbmp",4.34리뷰 452
레이어프로젝트,카페,"https://map.naver.com/v5/search/%EA%B0%95%EB%82%A8%EA%B5%AC%20%EB%8C%80%EC%B9%98%EB%8F%99%20%EC%9D%8C%EC%8B%9D%EC%A0%90/place/1947189883?c=14136116.8784371,4508611.8311238,12,0,0,0,dh&placePath=%3Fentry%253Dbmp",4.32리뷰 428
강릉엄지네꼬막집 삼성역점,조개요리,"https://map.naver.com/v5/search/%EA%B0%95%EB%82%A8%EA%B5%AC%20%EB%8C%80%EC%B9%98%EB%8F%99%20%EC%9D%8C%EC%8B%9D%EC%A0%90/place/1497814417?c=14136943.8709342,4510028.8988500,12,0,0,0,dh&placePath=%3Fentry%253Dbmp",4.37리뷰 298
소문난바지락칼국수,"칼국수,만두","https://map.naver.com/v5/search/%EA%B0%95%EB%82%A8%EA%B5%AC%20%EB%8C%80%EC%B9%98%EB%8F%99%20%EC%9D%8C%EC%8B%9D%EC%A0%90/place/11699732?c=14135899.9278815,4509366.2324632,12,0,0,0,dh&placePath=%3Fentry%253Dbmp",4.3리뷰 571
사이공본가 대치점,베트남음식,"https://map.naver.com/v5/search/%EA%B0%95%EB%82%A8%EA%B5%AC%20%EB%8C%80%EC%B9%98%EB%8F%99%20%EC%9D%8C%EC%8B%9D%EC%A0%90/place/1221397577?c=14137114.9244637,4509948.3084978,12,0,0,0,dh&placePath=%3Fentry%253Dbmp",4.27리뷰 252
라무진 선릉역점,양갈비,"https://map.naver.com/v5/search/%EA%B0%95%EB%82%A8%EA%B5%AC%20%EB%8C%80%EC%B9%98%EB%8F%99%20%EC%9D%8C%EC%8B%9D%EC%A0%90/place/1448615379?c=14137114.9244637,4509948.3084978,12,0,0,0,dh&placePath=%3Fentry%253Dbmp",4.78리뷰 628
태국의밤,태국음식,"https://map.naver.com/v5/search/%EA%B0%95%EB%82%A8%EA%B5%AC%20%EB%8C%80%EC%B9%98%EB%8F%99%20%EC%9D%8C%EC%8B%9D%EC%A0%90/place/1128613796?c=14137048.5446514,4508905.3347067,12,0,0,0,dh&placePath=%3Fentry%253Dbmp",영업 전리뷰 13서울 강남구 대치동
고운님 한우 곱창,"곱창,막창,양","https://map.naver.com/v5/search/%EA%B0%95%EB%82%A8%EA%B5%AC%20%EB%8C%80%EC%B9%98%EB%8F%99%20%EC%9D%8C%EC%8B%9D%EC%A0%90/place/1193860838?c=14137048.5446514,4508905.3347067,12,0,0,0,dh&placePath=%3Fentry%253Dbmp",4.41리뷰 400TV생방송투데이
왕재,중식당,"https://map.naver.com/v5/search/%EA%B0%95%EB%82%A8%EA%B5%AC%20%EB%8C%80%EC%B9%98%EB%8F%99%20%EC%9D%8C%EC%8B%9D%EC%A0%90/place/33480438?c=14135886.2133202,4509526.6611265,12,0,0,0,dh&placePath=%3Fentry%253Dbmp",4.27리뷰 742
얌샘김밥 대치삼성점,분식,"https://map.naver.com/v5/search/%EA%B0%95%EB%82%A8%EA%B5%AC%20%EB%8C%80%EC%B9%98%EB%8F%99%20%EC%9D%8C%EC%8B%9D%EC%A0%90/place/1411505334?c=14135886.2133202,4509526.6611265,12,0,0,0,dh&placePath=%3Fentry%253Dbmp",4.24리뷰 999+
사조회참치 삼성점,생선회,"https://map.naver.com/v5/search/%EA%B0%95%EB%82%A8%EA%B5%AC%20%EB%8C%80%EC%B9%98%EB%8F%99%20%EC%9D%8C%EC%8B%9D%EC%A0%90/place/13175130?c=14136330.8567623,4509632.1275076,12,0,0,0,dh&placePath=%3Fentry%253Dbmp",4.74리뷰 549
고피자 대치본점,피자,"https://map.naver.com/v5/search/%EA%B0%95%EB%82%A8%EA%B5%AC%20%EB%8C%80%EC%B9%98%EB%8F%99%20%EC%9D%8C%EC%8B%9D%EC%A0%90/place/1699303163?c=14136847.3235398,4508899.4836371,12,0,0,0,dh&placePath=%3Fentry%253Dbmp",영업 중리뷰 507메뉴 슈퍼콤비네이션 세트 간편하게 먹을 수 있는 1인 화덕피자
담뿍화로된장찌개,"찌개,전골","https://map.naver.com/v5/search/%EA%B0%95%EB%82%A8%EA%B5%AC%20%EB%8C%80%EC%B9%98%EB%8F%99%20%EC%9D%8C%EC%8B%9D%EC%A0%90/place/1276154474?c=14136847.3235398,4508899.4836371,12,0,0,0,dh&placePath=%3Fentry%253Dbmp",4.4리뷰 384
피그인더가든 선릉점,"다이어트,샐러드","https://map.naver.com/v5/search/%EA%B0%95%EB%82%A8%EA%B5%AC%20%EB%8C%80%EC%B9%98%EB%8F%99%20%EC%9D%8C%EC%8B%9D%EC%A0%90/place/1277683404?c=14136847.3235398,4508899.4836371,12,0,0,0,dh&placePath=%3Fentry%253Dbmp",영업 중리뷰 483서울 강남구 대치동
브레덴버거,햄버거,"https://map.naver.com/v5/search/%EA%B0%95%EB%82%A8%EA%B5%AC%20%EB%8C%80%EC%B9%98%EB%8F%99%20%EC%9D%8C%EC%8B%9D%EC%A0%90/place/1672050704?c=14136847.3235398,4508899.4836371,12,0,0,0,dh&placePath=%3Fentry%253Dbmp",4.52리뷰 278
대독장 삼성역점,"찌개,전골","https://map.naver.com/v5/search/%EA%B0%95%EB%82%A8%EA%B5%AC%20%EB%8C%80%EC%B9%98%EB%8F%99%20%EC%9D%8C%EC%8B%9D%EC%A0%90/place/564643576?c=14136847.3235398,4508899.4836371,12,0,0,0,dh&placePath=%3Fentry%253Dbmp",4.3리뷰 541
행복담은 불돈가스 & 행복김밥 대치선릉점,김밥,"https://map.naver.com/v5/search/%EA%B0%95%EB%82%A8%EA%B5%AC%20%EB%8C%80%EC%B9%98%EB%8F%99%20%EC%9D%8C%EC%8B%9D%EC%A0%90/place/37797384?c=14136058.7140031,4509814.2966609,12,0,0,0,dh&placePath=%3Fentry%253Dbmp",4.39리뷰 999+
오레노카츠 대치점,돈가스,"https://map.naver.com/v5/search/%EA%B0%95%EB%82%A8%EA%B5%AC%20%EB%8C%80%EC%B9%98%EB%8F%99%20%EC%9D%8C%EC%8B%9D%EC%A0%90/place/1488199141?c=14137113.8112688,4510030.4985951,12,0,0,0,dh&placePath=%3Fentry%253Dbmp",4.46리뷰 510
배가무닭볶음탕 대치본점,닭볶음탕,"https://map.naver.com/v5/search/%EA%B0%95%EB%82%A8%EA%B5%AC%20%EB%8C%80%EC%B9%98%EB%8F%99%20%EC%9D%8C%EC%8B%9D%EC%A0%90/place/1787194642?c=14137113.8112688,4510030.4985951,12,0,0,0,dh&placePath=%3Fentry%253Dbmp",4.8리뷰 936
광주식당,한식,"https://map.naver.com/v5/search/%EA%B0%95%EB%82%A8%EA%B5%AC%20%EB%8C%80%EC%B9%98%EB%8F%99%20%EC%9D%8C%EC%8B%9D%EC%A0%90/place/19877358?c=14137113.8112688,4510030.4985951,12,0,0,0,dh&placePath=%3Fentry%253Dbmp",4.01리뷰 252
파란만잔 선릉역점,카페,"https://map.naver.com/v5/search/%EA%B0%95%EB%82%A8%EA%B5%AC%20%EB%8C%80%EC%B9%98%EB%8F%99%20%EC%9D%8C%EC%8B%9D%EC%A0%90/place/1376188675?c=14137113.8112688,4510030.4985951,12,0,0,0,dh&placePath=%3Fentry%253Dbmp",영업 중리뷰 181서울 강남구 대치동
땅코참숯구이 선릉점,돼지고기구이,"https://map.naver.com/v5/search/%EA%B0%95%EB%82%A8%EA%B5%AC%20%EB%8C%80%EC%B9%98%EB%8F%99%20%EC%9D%8C%EC%8B%9D%EC%A0%90/place/1134719233?c=14136001.5180488,4509182.6538973,12,0,0,0,dh&placePath=%3Fentry%253Dbmp",영업 전리뷰 354서울 강남구 대치동
홍영재장수청국장,한정식,"https://map.naver.com/v5/search/%EA%B0%95%EB%82%A8%EA%B5%AC%20%EB%8C%80%EC%B9%98%EB%8F%99%20%EC%9D%8C%EC%8B%9D%EC%A0%90/place/19963744?c=14136001.5180488,4509182.6538973,12,0,0,0,dh&placePath=%3Fentry%253Dbmp",4.21리뷰 477
신흥정육식당,정육식당,"https://map.naver.com/v5/search/%EA%B0%95%EB%82%A8%EA%B5%AC%20%EB%8C%80%EC%B9%98%EB%8F%99%20%EC%9D%8C%EC%8B%9D%EC%A0%90/place/20601184?c=14136001.5180488,4509182.6538973,12,0,0,0,dh&placePath=%3Fentry%253Dbmp",4.53리뷰 219
등대,복어요리,"https://map.naver.com/v5/search/%EA%B0%95%EB%82%A8%EA%B5%AC%20%EB%8C%80%EC%B9%98%EB%8F%99%20%EC%9D%8C%EC%8B%9D%EC%A0%90/place/18466391?c=14136001.5180488,4509182.6538973,12,0,0,0,dh&placePath=%3Fentry%253Dbmp",4.19리뷰 131
잭슨피자 대치점,피자,"https://map.naver.com/v5/search/%EA%B0%95%EB%82%A8%EA%B5%AC%20%EB%8C%80%EC%B9%98%EB%8F%99%20%EC%9D%8C%EC%8B%9D%EC%A0%90/place/1810341907?c=14137281.8146443,4510097.3372869,12,0,0,0,dh&placePath=%3Fentry%253Dbmp",4.53리뷰 252
전주콩나물국밥 삼성2호점,국밥,"https://map.naver.com/v5/search/%EA%B0%95%EB%82%A8%EA%B5%AC%20%EB%8C%80%EC%B9%98%EB%8F%99%20%EC%9D%8C%EC%8B%9D%EC%A0%90/place/32602528?c=14137424.4037801,4509764.5653745,12,0,0,0,dh&placePath=%3Fentry%253Dbmp",4.36리뷰 600
북창동순두부 선릉2호점,두부요리,"https://map.naver.com/v5/search/%EA%B0%95%EB%82%A8%EA%B5%AC%20%EB%8C%80%EC%B9%98%EB%8F%99%20%EC%9D%8C%EC%8B%9D%EC%A0%90/place/11764425?c=14137424.4037801,4509764.5653745,12,0,0,0,dh&placePath=%3Fentry%253Dbmp",4.18리뷰 590
교촌치킨 대치2호점,"치킨,닭강정","https://map.naver.com/v5/search/%EA%B0%95%EB%82%A8%EA%B5%AC%20%EB%8C%80%EC%B9%98%EB%8F%99%20%EC%9D%8C%EC%8B%9D%EC%A0%90/place/11801947?c=14137542.1798014,4510210.8082743,12,0,0,0,dh&placePath=%3Fentry%253Dbmp",4.37리뷰 524
동촌 대치점,조개요리,"https://map.naver.com/v5/search/%EA%B0%95%EB%82%A8%EA%B5%AC%20%EB%8C%80%EC%B9%98%EB%8F%99%20%EC%9D%8C%EC%8B%9D%EC%A0%90/place/11887408?c=14137542.1798014,4510210.8082743,12,0,0,0,dh&placePath=%3Fentry%253Dbmp",4.4리뷰 110
명가원설농탕 대치점,"곰탕,설렁탕","https://map.naver.com/v5/search/%EA%B0%95%EB%82%A8%EA%B5%AC%20%EB%8C%80%EC%B9%98%EB%8F%99%20%EC%9D%8C%EC%8B%9D%EC%A0%90/place/507653831?c=14137542.1798014,4510210.8082743,12,0,0,0,dh&placePath=%3Fentry%253Dbmp",4.24리뷰 999+
투썸플레이스 삼성역점,카페,"https://map.naver.com/v5/search/%EA%B0%95%EB%82%A8%EA%B5%AC%20%EB%8C%80%EC%B9%98%EB%8F%99%20%EC%9D%8C%EC%8B%9D%EC%A0%90/place/1353885407?c=14136507.0755162,4509503.8027334,12,0,0,0,dh&placePath=%3Fentry%253Dbmp",4.37리뷰 999+
차호랑,이북음식,"https://map.naver.com/v5/search/%EA%B0%95%EB%82%A8%EA%B5%AC%20%EB%8C%80%EC%B9%98%EB%8F%99%20%EC%9D%8C%EC%8B%9D%EC%A0%90/place/1093374389?c=14136507.0755162,4509503.8027334,12,0,0,0,dh&placePath=%3Fentry%253Dbmp",4.33리뷰 273TV맛있는녀석들
닐리 대치점,이탈리아음식,"https://map.naver.com/v5/search/%EA%B0%95%EB%82%A8%EA%B5%AC%20%EB%8C%80%EC%B9%98%EB%8F%99%20%EC%9D%8C%EC%8B%9D%EC%A0%90/place/13415919?c=14136507.0755162,4509503.8027334,12,0,0,0,dh&placePath=%3Fentry%253Dbmp",4.47리뷰 817
뚜레쥬르 삼성역점,베이커리,"https://map.naver.com/v5/search/%EA%B0%95%EB%82%A8%EA%B5%AC%20%EB%8C%80%EC%B9%98%EB%8F%99%20%EC%9D%8C%EC%8B%9D%EC%A0%90/place/34308481?c=14136330.2333731,4509666.0998078,12,0,0,0,dh&placePath=%3Fentry%253Dbmp",4.33리뷰 843
전주콩나물국밥,국밥,"https://map.naver.com/v5/search/%EA%B0%95%EB%82%A8%EA%B5%AC%20%EB%8C%80%EC%B9%98%EB%8F%99%20%EC%9D%8C%EC%8B%9D%EC%A0%90/place/13392135?c=14136330.2333731,4509666.0998078,12,0,0,0,dh&placePath=%3Fentry%253Dbmp",4.28리뷰 371
경성양꼬치 선릉직영점,양꼬치,"https://map.naver.com/v5/search/%EA%B0%95%EB%82%A8%EA%B5%AC%20%EB%8C%80%EC%B9%98%EB%8F%99%20%EC%9D%8C%EC%8B%9D%EC%A0%90/place/36241245?c=14136330.2333731,4509666.0998078,12,0,0,0,dh&placePath=%3Fentry%253Dbmp",4.31리뷰 241TV생방송투데이
방배김밥 삼성섬유센터점,분식,"https://map.naver.com/v5/search/%EA%B0%95%EB%82%A8%EA%B5%AC%20%EB%8C%80%EC%B9%98%EB%8F%99%20%EC%9D%8C%EC%8B%9D%EC%A0%90/place/1767334594?c=14137054.4334524,4510009.5335338,12,0,0,0,dh&placePath=%3Fentry%253Dbmp",4.45리뷰 999+
펠어커피 강남포스코사거리점,카페,"https://map.naver.com/v5/search/%EA%B0%95%EB%82%A8%EA%B5%AC%20%EB%8C%80%EC%B9%98%EB%8F%99%20%EC%9D%8C%EC%8B%9D%EC%A0%90/place/1091178790?c=14137054.4334524,4510009.5335338,12,0,0,0,dh&placePath=%3Fentry%253Dbmp",4.76리뷰 779
남산희래등,중식당,"https://map.naver.com/v5/search/%EA%B0%95%EB%82%A8%EA%B5%AC%20%EB%8C%80%EC%B9%98%EB%8F%99%20%EC%9D%8C%EC%8B%9D%EC%A0%90/place/13172001?c=14136858.7671835,4510097.9547363,12,0,0,0,dh&placePath=%3Fentry%253Dbmp",4.44리뷰 472TV생방송오늘아침
하남돼지집 한티점,돼지고기구이,"https://map.naver.com/v5/search/%EA%B0%95%EB%82%A8%EA%B5%AC%20%EB%8C%80%EC%B9%98%EB%8F%99%20%EC%9D%8C%EC%8B%9D%EC%A0%90/place/36667301?c=14136426.4802049,4509748.8910874,12,0,0,0,dh&placePath=%3Fentry%253Dbmp",4.46리뷰 469
아리노마마,일식당,"https://map.naver.com/v5/search/%EA%B0%95%EB%82%A8%EA%B5%AC%20%EB%8C%80%EC%B9%98%EB%8F%99%20%EC%9D%8C%EC%8B%9D%EC%A0%90/place/34666444?c=14136426.4802049,4509748.8910874,12,0,0,0,dh&placePath=%3Fentry%253Dbmp",4.33리뷰 442
스타벅스 대치재경빌딩R점,카페,"https://map.naver.com/v5/search/%EA%B0%95%EB%82%A8%EA%B5%AC%20%EB%8C%80%EC%B9%98%EB%8F%99%20%EC%9D%8C%EC%8B%9D%EC%A0%90/place/1317643223?c=14136426.4802049,4509748.8910874,12,0,0,0,dh&placePath=%3Fentry%253Dbmp",4.53리뷰 999+
대파 양곱창,"곱창,막창,양","https://map.naver.com/v5/search/%EA%B0%95%EB%82%A8%EA%B5%AC%20%EB%8C%80%EC%B9%98%EB%8F%99%20%EC%9D%8C%EC%8B%9D%EC%A0%90/place/13465296?c=14136426.4802049,4509748.8910874,12,0,0,0,dh&placePath=%3Fentry%253Dbmp",4.49리뷰 388
멕시카나치킨 선릉역점,"치킨,닭강정","https://map.naver.com/v5/search/%EA%B0%95%EB%82%A8%EA%B5%AC%20%EB%8C%80%EC%B9%98%EB%8F%99%20%EC%9D%8C%EC%8B%9D%EC%A0%90/place/35542420?c=14136426.4802049,4509748.8910874,12,0,0,0,dh&placePath=%3Fentry%253Dbmp",4.4리뷰 194
스윗밸런스,"다이어트,샐러드","https://map.naver.com/v5/search/%EA%B0%95%EB%82%A8%EA%B5%AC%20%EB%8C%80%EC%B9%98%EB%8F%99%20%EC%9D%8C%EC%8B%9D%EC%A0%90/place/1307433555?c=14137082.6418114,4508259.9828263,12,0,0,0,dh&placePath=%3Fentry%253Dbmp",4.53리뷰 808
스시노스시,"초밥,롤","https://map.naver.com/v5/search/%EA%B0%95%EB%82%A8%EA%B5%AC%20%EB%8C%80%EC%B9%98%EB%8F%99%20%EC%9D%8C%EC%8B%9D%EC%A0%90/place/240747746?c=14137082.6418114,4508259.9828263,12,0,0,0,dh&placePath=%3Fentry%253Dbmp",4.28리뷰 627
일도씨닭갈비 대치점,일도씨닭갈비,"https://map.naver.com/v5/search/%EA%B0%95%EB%82%A8%EA%B5%AC%20%EB%8C%80%EC%B9%98%EB%8F%99%20%EC%9D%8C%EC%8B%9D%EC%A0%90/place/1601177269?c=14137082.6418114,4508259.9828263,12,0,0,0,dh&placePath=%3Fentry%253Dbmp",4.21리뷰 613
싸리골빈대떡 본점,"전,빈대떡","https://map.naver.com/v5/search/%EA%B0%95%EB%82%A8%EA%B5%AC%20%EB%8C%80%EC%B9%98%EB%8F%99%20%EC%9D%8C%EC%8B%9D%EC%A0%90/place/38275829?c=14137082.6418114,4508259.9828263,12,0,0,0,dh&placePath=%3Fentry%253Dbmp",영업 전리뷰 465빈대떡막걸리해물파전비오는날도토리묵
크레이지후라이 포스코사거리점,분식,"https://map.naver.com/v5/search/%EA%B0%95%EB%82%A8%EA%B5%AC%20%EB%8C%80%EC%B9%98%EB%8F%99%20%EC%9D%8C%EC%8B%9D%EC%A0%90/place/1562240449?c=14137090.2226687,4508270.7161503,12,0,0,0,dh&placePath=%3Fentry%253Dbmp",4.52리뷰 280
컨트리맨즈 롯데백화점 강남점,이탈리아음식,"https://map.naver.com/v5/search/%EA%B0%95%EB%82%A8%EA%B5%AC%20%EB%8C%80%EC%B9%98%EB%8F%99%20%EC%9D%8C%EC%8B%9D%EC%A0%90/place/326054476?c=14137090.2226687,4508270.7161503,12,0,0,0,dh&placePath=%3Fentry%253Dbmp",4.37리뷰 704
세드라,"카페,디저트","https://map.naver.com/v5/search/%EA%B0%95%EB%82%A8%EA%B5%AC%20%EB%8C%80%EC%B9%98%EB%8F%99%20%EC%9D%8C%EC%8B%9D%EC%A0%90/place/1987286092?c=14137090.2226687,4508270.7161503,12,0,0,0,dh&placePath=%3Fentry%253Dbmp",4.58리뷰 851
오미닭강정,"치킨,닭강정","https://map.naver.com/v5/search/%EA%B0%95%EB%82%A8%EA%B5%AC%20%EB%8C%80%EC%B9%98%EB%8F%99%20%EC%9D%8C%EC%8B%9D%EC%A0%90/place/31526161?c=14137090.2226687,4508270.7161503,12,0,0,0,dh&placePath=%3Fentry%253Dbmp",4.61리뷰 674
남오토코 대치점,이자카야,"https://map.naver.com/v5/search/%EA%B0%95%EB%82%A8%EA%B5%AC%20%EB%8C%80%EC%B9%98%EB%8F%99%20%EC%9D%8C%EC%8B%9D%EC%A0%90/place/33956686?c=14137090.2226687,4508270.7161503,12,0,0,0,dh&placePath=%3Fentry%253Dbmp",영업 전리뷰 214이자카야생맥주꼬치구이고급진크로켓
사람사는 고깃집 김일도 선릉점,"육류,고기요리","https://map.naver.com/v5/search/%EA%B0%95%EB%82%A8%EA%B5%AC%20%EB%8C%80%EC%B9%98%EB%8F%99%20%EC%9D%8C%EC%8B%9D%EC%A0%90/place/1637475096?c=14137090.2226687,4508270.7161503,12,0,0,0,dh&placePath=%3Fentry%253Dbmp",4.65리뷰 999+
두꺼비정육점식당,정육식당,"https://map.naver.com/v5/search/%EA%B0%95%EB%82%A8%EA%B5%AC%20%EB%8C%80%EC%B9%98%EB%8F%99%20%EC%9D%8C%EC%8B%9D%EC%A0%90/place/13149894?c=14137090.2226687,4508270.7161503,12,0,0,0,dh&placePath=%3Fentry%253Dbmp",4.41리뷰 221
지구당 대치은마점,덮밥,"https://map.naver.com/v5/search/%EA%B0%95%EB%82%A8%EA%B5%AC%20%EB%8C%80%EC%B9%98%EB%8F%99%20%EC%9D%8C%EC%8B%9D%EC%A0%90/place/1185108827?c=14137090.2226687,4508270.7161503,12,0,0,0,dh&placePath=%3Fentry%253Dbmp",4.49리뷰 308
본 카페 앤 팬케이크,"카페,디저트","https://map.naver.com/v5/search/%EA%B0%95%EB%82%A8%EA%B5%AC%20%EB%8C%80%EC%B9%98%EB%8F%99%20%EC%9D%8C%EC%8B%9D%EC%A0%90/place/1068361462?c=14136022.6687520,4509233.1682014,12,0,0,0,dh&placePath=%3Fentry%253Dbmp",4.19리뷰 131
청담동마녀김밥 대치점,분식,"https://map.naver.com/v5/search/%EA%B0%95%EB%82%A8%EA%B5%AC%20%EB%8C%80%EC%B9%98%EB%8F%99%20%EC%9D%8C%EC%8B%9D%EC%A0%90/place/1112774603?c=14136022.6687520,4509233.1682014,12,0,0,0,dh&placePath=%3Fentry%253Dbmp",4.34리뷰 999+
72420,72420,"https://map.naver.com/v5/search/%EA%B0%95%EB%82%A8%EA%B5%AC%20%EB%8C%80%EC%B9%98%EB%8F%99%20%EC%9D%8C%EC%8B%9D%EC%A0%90/place/37420628?c=14136022.6687520,4509233.1682014,12,0,0,0,dh&placePath=%3Fentry%253Dbmp",4.56리뷰 325
용수사,일식당,"https://map.naver.com/v5/search/%EA%B0%95%EB%82%A8%EA%B5%AC%20%EB%8C%80%EC%B9%98%EB%8F%99%20%EC%9D%8C%EC%8B%9D%EC%A0%90/place/13451140?c=14136022.6687520,4509233.1682014,12,0,0,0,dh&placePath=%3Fentry%253Dbmp",4.34리뷰 227
